ID,Station Name,Total Docks,Docks in Service,Status,Latitude,Longitude,Location
186,Ogden Ave & Race Ave,15,15,In Service,41.891795,-87.658751,"(41.891795, -87.658751)"
184,State St & 35th St,19,19,In Service,41.831036314,-87.626797557,"(41.8310363140161, -87.62679755687714)"
176,Clark St & Elm St,39,39,In Service,41.902973,-87.63128,"(41.902973, -87.63128)"
648,Carpenter St & 63rd St,7,7,In Service,41.77987,-87.650919,"(41.77987, -87.650919)"
658,Leavitt St & Division St,15,15,In Service,41.902997,-87.683825,"(41.902997, -87.683825)"
22,May St & Taylor St,15,15,In Service,41.8694821,-87.6554864,"(41.8694821, -87.6554864)"
1563698701206292480,Lamon Ave & Belmont Ave,9,9,In Service,41.9390108,-87.7492834,"(41.9390108, -87.7492834)"
643,Smith Park,15,15,In Service,41.892048,-87.689397,"(41.892048, -87.689397)"
640,Bernard St & Elston Ave,11,11,In Service,41.949923,-87.713949,"(41.949923, -87.713949)"
217,Elizabeth (May) St & Fulton St,15,15,In Service,41.886616486,-87.658039927,"(41.886616486027656, -87.6580399274826)"
222,Milwaukee Ave & Rockwell St,19,19,In Service,41.920195562,-87.692659199,"(41.92019556200566, -87.69265919923781)"
26,New St & Illinois St,31,31,In Service,41.890847041,-87.618616819,"(41.890847040623804, -87.61861681938171)"
259,California Ave & Francis Pl (Temp),15,15,In Service,41.918491154,-87.697422802,"(41.91849115368695, -87.69742280244827)"
690,State St & 95th St,15,15,In Service,41.7218499,-87.6228544,"(41.7218499, -87.6228544)"
213,Leavitt St & North Ave,15,15,In Service,41.910509367,-87.682389021,"(41.91050936666395, -87.6823890209198)"
488,Pulaski Rd & Eddy St (Temp),11,11,In Service,41.946264,-87.731023,"(41.946264, -87.731023)"
278,Wallace St & 35th St,15,15,In Service,41.83101433,-87.641183585,"(41.83101432992121, -87.64118358492851)"
650,Eggleston Ave & 69th St,11,11,In Service,41.768898,-87.635876,"(41.768898, -87.635876)"
1436495096608724634,N Clark St & W Elm St,4,4,In Service,41.902901,-87.631282,"(41.902901, -87.631282)"
664,Leavitt St & Belmont Ave,15,15,In Service,41.939354,-87.683282,"(41.939354, -87.683282)"
641,Central Park Ave & Bloomingdale Ave,11,11,In Service,41.914166,-87.716755,"(41.914166, -87.716755)"
1436495105198659242,W Armitage Ave & N Sheffield Ave,8,8,In Service,41.917805,-87.653449,"(41.917805, -87.653449)"
199,Wabash Ave & Grand Ave,31,31,In Service,41.891466,-87.626761,"(41.891466, -87.626761)"
492,Leavitt St & Addison St,15,15,In Service,41.946655,-87.683359,"(41.946655, -87.683359)"
1436495100903691938,W Oakdale Ave & N Broadway,6,6,In Service,41.935581,-87.644042,"(41.935581, -87.644042)"
237,MLK Jr Dr & 29th St,19,19,In Service,41.842052,-87.617,"(41.842052, -87.617)"
301,Clark St & Schiller St,19,19,In Service,41.907993,-87.631501,"(41.907993, -87.631501)"
656,Damen Ave & Walnut (Lake) St,15,15,In Service,41.885951,-87.677009,"(41.885951, -87.677009)"
1594046452557910996,472,9,9,Not Installed,41.934003,-87.690823,"(41.934003, -87.690823)"
1448642162257565290,S Aberdeen St & W 106th St,3,3,In Service,41.701217,-87.649345,"(41.701217, -87.649345)"
632,Clark St & Newport St,15,15,In Service,41.94454,-87.654678,"(41.94454, -87.654678)"
1436495122378528446,N Paulina St & Lincoln Ave,6,6,In Service,41.943838,-87.671469,"(41.943838, -87.671469)"
637,Wood St & Chicago Ave,15,15,In Service,41.895634,-87.672069,"(41.895634, -87.672069)"
24,Fairbanks Ct & Grand Ave,15,15,In Service,41.891847372,-87.620580196,"(41.89184737210993, -87.62058019638062)"
211,St. Clair St & Erie St,19,19,In Service,41.894345137,-87.622798383,"(41.89434513742426, -87.62279838323593)"
214,Damen Ave & Grand Ave,23,23,In Service,41.891264346,-87.676842213,"(41.891264346481535, -87.676842212677)"
270,Stony Island Ave & 75th St,11,11,In Service,41.75866967,-87.586882871,"(41.7586696704, -87.586882871)"
596,Benson Ave & Church St,15,15,In Service,42.048214,-87.683485,"(42.048214, -87.683485)"
1582242302452717116,Kedzie Ave & 52nd St,9,9,In Service,41.7990641,-87.703446,"(41.7990641, -87.703446)"
1436495118083561146,N Sheffield Ave & W Wellington Ave,6,6,In Service,41.9362263,-87.6537676,"(41.9362263, -87.6537676)"
348,California Ave & 21st St,15,15,In Service,41.853804066,-87.695742399,"(41.8538040657915, -87.69574239850043)"
226,Racine Ave & Belmont Ave,15,15,In Service,41.939743,-87.658865,"(41.939743, -87.658865)"
1561012874421056046,Harding Ave & 26th St,9,9,In Service,41.8444715,-87.7232647,"(41.8444715, -87.7232647)"
298,Lincoln Ave & Belle Plaine Ave,15,15,In Service,41.956003551,-87.680161446,"(41.95600355078549, -87.68016144633293)"
3,Shedd Aquarium,55,55,In Service,41.867225957,-87.61535539,"(41.86722595682, -87.6153553902)"
31,Franklin St & Chicago Ave,23,23,In Service,41.896746973,-87.635667622,"(41.896746973093805, -87.63566762208939)"
41,Federal St & Polk St,19,19,In Service,41.872077633,-87.629543773,"(41.87207763285, -87.6295437729)"
317,Wood St & Taylor St (Temp),23,23,In Service,41.869265218,-87.67373085,"(41.869265218438194, -87.67373085021973)"
1448642162257565286,S Wentworth Ave & W 111th St,5,5,In Service,41.6926176,-87.6280518,"(41.6926176, -87.6280518)"
319,Greenview Ave & Diversey Pkwy,15,15,In Service,41.932589634,-87.665936351,"(41.93258963429789, -87.66593635082245)"
325,Clark St & Winnemac Ave,19,19,In Service,41.97334764,-87.667855471,"(41.973347640473044, -87.6678554713726)"
34,Cannon Dr & Fullerton Ave,15,15,In Service,41.926755988,-87.634428785,"(41.9267559875, -87.6344287848)"
230,Lincoln Ave & Roscoe St,19,19,In Service,41.94379115,-87.671257854,"(41.9437911500595, -87.671257853508)"
541,Central Ave & Harrison St,11,11,In Service,41.872993,-87.764499,"(41.872993, -87.764499)"
1575949510978564828,North Ave & New England Ave,9,9,In Service,41.9092204,-87.7971406,"(41.9092204, -87.7971406)"
350,Ashland Ave & Chicago Ave,15,15,In Service,41.895974323,-87.667725384,"(41.8959743225961, -87.66772538423538)"
352,Jeffery Blvd & 67th St,11,11,In Service,41.773517551,-87.577142826,"(41.77351755125, -87.5771428255)"
354,Sheridan Rd & Greenleaf Ave,15,15,In Service,42.010586563,-87.662412095,"(42.01058656284, -87.6624120948)"
1448642175142467184,Avenue L & 114th St,10,10,In Service,41.6881169,-87.5365497,"(41.6881169, -87.5365497)"
356,Stony Island Ave & 71st St,11,11,In Service,41.766492937,-87.586460878,"(41.7664929373, -87.5864608775)"
359,Larrabee St & Division St,23,23,In Service,41.90348607,-87.643353494,"(41.90348607004, -87.6433534936)"
364,Larrabee St & Oak St,19,19,In Service,41.900219493,-87.642985468,"(41.90021949323, -87.6429854676)"
365,Halsted St & North Branch St,15,15,In Service,41.899390285,-87.648544908,"(41.89939028549696, -87.64854490756989)"
366,Loomis St & Archer Ave,11,11,In Service,41.84163254,-87.657434953,"(41.84163253965, -87.6574349533)"
368,Ashland Ave & Archer Ave,15,15,In Service,41.839208684,-87.665609859,"(41.83920868403, -87.6656098589)"
1448642175142467180,S Michigan Ave & E 118th St,6,6,In Service,41.679804,-87.620843,"(41.679804, -87.620843)"
25,Michigan Ave & Pearson St,23,23,In Service,41.89766,-87.62351,"(41.89766, -87.62351)"
369,Wood St & 35th St,11,11,In Service,41.830104654,-87.670298309,"(41.83010465416, -87.6702983089)"
37,Dearborn St & Adams St,19,19,In Service,41.879356359,-87.629791036,"(41.8793563587, -87.6297910363)"
370,Calumet Ave & 21st St,15,15,In Service,41.854184249,-87.619153741,"(41.85418424947, -87.6191537415)"
312,Clarendon Ave & Gordon Ter,15,15,In Service,41.957866524,-87.649505138,"(41.95786652415174, -87.64950513839722)"
374,Western Ave & Walton St,23,23,In Service,41.898417689,-87.686596016,"(41.89841768945, -87.6865960164)"
353,Clark St & Touhy Ave,15,15,In Service,42.012560115,-87.674367115,"(42.01256011541, -87.6743671152)"
376,Artesian Ave & Hubbard St,35,35,In Service,41.88949182,-87.688219365,"(41.88949181977, -87.6882193648)"
367,Racine Ave & 35th St,15,15,In Service,41.830688565,-87.656210661,"(41.83068856472101, -87.65621066093445)"
1436495119852630436,N Damen Ave & W Chicago Ave,6,6,In Service,41.895809,-87.678519,"(41.895809, -87.678519)"
373,Kedzie Ave & Chicago Ave,11,11,In Service,41.895465303,-87.706127884,"(41.89546530305, -87.7061278837)"
35,Streeter Dr & Grand Ave,47,47,In Service,41.892278,-87.612043,"(41.892278, -87.612043)"
286,Franklin St & Adams St (Temp),15,15,In Service,41.879434091,-87.635504007,"(41.87943409140013, -87.63550400733948)"
375,Sacramento Blvd & Franklin Blvd,11,11,In Service,41.890468792,-87.702607512,"(41.89046879243862, -87.70260751247406)"
636,Orleans St & Hubbard St,11,11,In Service,41.890028,-87.636618,"(41.890028, -87.636618)"
1448642183732401786,Woodlawn & 103rd - Olive Harvey Vaccination Site,10,10,In Service,41.707338,-87.59399,"(41.707338, -87.59399)"
377,Kedzie Ave & Lake St,15,15,In Service,41.884603285,-87.706303744,"(41.88460328501, -87.7063037436)"
378,California Ave & Lake St,11,11,In Service,41.884453957,-87.696298137,"(41.88445395657, -87.6962981368)"
1448642188027369090,Steelworkers Park,6,6,In Service,41.738246,-87.531067,"(41.738246, -87.531067)"
1448642179437434486,Martin Luther King Dr & 111th St,6,6,In Service,41.692615,-87.615425,"(41.692615, -87.615425)"
1448642183732401788,Maryland Ave & 104th St,10,10,In Service,41.705588,-87.602938,"(41.705588, -87.602938)"
1448642188027369086,Indiana Ave & 133rd St,6,6,In Service,41.653564,-87.617054,"(41.653564, -87.617054)"
519,Wolcott Ave & Fargo Ave,11,11,In Service,42.016977,-87.677725,"(42.016977, -87.677725)"
1448642179437434482,W 103rd St & S Avers Ave,10,10,In Service,41.705846,-87.717074,"(41.705846, -87.717074)"
1436495109493626544,W Washington Blvd & N Peoria St,6,6,In Service,41.883043,-87.649931,"(41.883043, -87.649931)"
1436495105198659246,N Carpenter St & W Lake St,6,6,In Service,41.885586,-87.6531893,"(41.885586, -87.6531893)"
1436495109493626546,N Green St & W Lake St,8,8,In Service,41.885579,-87.648484,"(41.885579, -87.648484)"
1436495115557663136,N Southport Ave & W Newport Ave,8,8,In Service,41.944019,-87.663975,"(41.944019, -87.663975)"
1500206163166594382,Ping Tom Park (East),6,6,In Service,41.8579886,-87.6319447,"(41.8579886, -87.6319447)"
684,Prospect Sq & 91st St,15,15,In Service,41.7282338,-87.6675239,"(41.7282338, -87.6675239)"
268,DuSable Lake Shore Dr & North Blvd,39,39,In Service,41.911722,-87.626804,"(41.911722, -87.626804)"
75,Canal St & Jackson Blvd,43,43,In Service,41.877245,-87.639366,"(41.877245, -87.639366)"
168,Michigan Ave & 14th St,19,19,In Service,41.864059,-87.623727,"(41.864059, -87.623727)"
232,Pine Grove Ave & Waveland Ave,23,23,In Service,41.949472741,-87.646452785,"(41.94947274088333, -87.64645278453827)"
322,Kimbark Ave & 53rd St,19,19,In Service,41.799568,-87.594747,"(41.799568, -87.594747)"
316,Damen Ave & Sunnyside Ave,19,19,In Service,41.96325,-87.679258,"(41.96325, -87.679258)"
1575949506683597522,Major Ave & Bloomingdale Ave,9,9,In Service,41.9125923,-87.7686995,"(41.9125923, -87.7686995)"
480,Albany Ave & Montrose Ave,11,11,In Service,41.961041,-87.705866,"(41.961041, -87.705866)"
1571105063705518104,Harlem Ave & Grace St,9,9,In Service,41.9488531,-87.806938,"(41.9488531, -87.806938)"
91,Clinton St & Washington Blvd,31,31,In Service,41.88338,-87.64117,"(41.88338, -87.64117)"
642,Latrobe Ave & Chicago Ave,7,7,In Service,41.894745,-87.756895,"(41.894745, -87.756895)"
537,Kenton Ave & Madison St,11,11,In Service,41.880708,-87.741018,"(41.880708, -87.741018)"
623,Michigan Ave & 8th St,43,43,In Service,41.872773,-87.623981,"(41.872773, -87.623981)"
220,Clark St & Drummond Pl,23,23,In Service,41.931248,-87.644336,"(41.931248, -87.644336)"
462,Winchester (Ravenswood) Ave & Balmoral Ave,15,15,In Service,41.979762,-87.67753,"(41.979762, -87.67753)"
18,Wacker Dr & Washington St,15,15,In Service,41.883143364,-87.637242079,"(41.88314336439022, -87.63724207878113)"
128,Damen Ave & Chicago Ave,19,19,In Service,41.895769,-87.67722,"(41.895769, -87.67722)"
655,Hoyne Ave & Balmoral Ave,15,15,In Service,41.979851,-87.681932,"(41.979851, -87.681932)"
533,Central Park Blvd & 5th Ave,11,11,In Service,41.875679,-87.71547,"(41.875679, -87.71547)"
170,Clinton St & 18th St,15,15,In Service,41.85795,-87.640826,"(41.85795, -87.640826)"
635,Fairbanks St & Superior St,11,11,In Service,41.895748,-87.620104,"(41.895748, -87.620104)"
1561012878716023346,Lawndale Ave & 30th St,12,12,In Service,41.8389124,-87.7168955,"(41.8389124, -87.7168955)"
38,Clark St & Lake St,27,27,In Service,41.886020828,-87.630876058,"(41.88602082773, -87.6308760584)"
123,California Ave & Milwaukee Ave,15,15,In Service,41.922695,-87.697153,"(41.922695, -87.697153)"
429,Cottage Grove Ave & 67th St,11,11,In Service,41.773720952,-87.60563486,"(41.77372095205, -87.60563486)"
193,State St & 29th St,11,11,In Service,41.841707,-87.626938,"(41.841707, -87.626938)"
530,Laramie Ave & Kinzie St,11,11,In Service,41.887832,-87.755527,"(41.887832, -87.755527)"
255,Indiana Ave & Roosevelt Rd,39,39,In Service,41.867888,-87.623041,"(41.867888, -87.623041)"
414,Canal St & Taylor St,15,15,In Service,41.870257,-87.639474,"(41.870257, -87.639474)"
450,Warren Park West,11,11,In Service,42.001785,-87.688829,"(42.001785, -87.688829)"
382,Western Ave & Congress Pkwy,19,19,In Service,41.874748851,-87.686445276,"(41.87474885079, -87.6864452757)"
384,Halsted St & 51st St,11,11,In Service,41.80183164,-87.645213904,"(41.80183164049, -87.645213904)"
1561012900190859852,Tripp Ave & 31st St,9,9,In Service,41.836966,-87.730502,"(41.836966, -87.730502)"
552,Ashland Ave & McDowell Ave,11,11,In Service,41.80887,-87.66454,"(41.80887, -87.66454)"
215,Damen Ave & Madison St,15,15,In Service,41.88137,-87.67493,"(41.88137, -87.67493)"
386,Halsted St & 56th St,11,11,In Service,41.792929646,-87.644990057,"(41.79292964599, -87.6449900565)"
489,Drake Ave & Addison St,15,15,In Service,41.947326,-87.717582,"(41.947326, -87.717582)"
553,Elizabeth St & 47th St,11,11,In Service,41.80839,-87.656526,"(41.80839, -87.656526)"
460,Clark St & Bryn Mawr Ave,15,15,In Service,41.983593,-87.669154,"(41.983593, -87.669154)"
388,Halsted & 63rd - Kennedy-King Vaccination Site,11,11,In Service,41.779381142,-87.644620815,"(41.77938114228, -87.6446208145)"
39,Wabash Ave & Adams St,23,23,In Service,41.879472352,-87.625688606,"(41.87947235235, -87.6256886059)"
130,Damen Ave & Division St,19,19,In Service,41.903266,-87.678435,"(41.903266, -87.678435)"
345,Lake Park Ave & 56th St,19,19,In Service,41.793242,-87.587782,"(41.793242, -87.587782)"
481,California Ave & Montrose Ave,15,15,In Service,41.961068,-87.695439,"(41.961068, -87.695439)"
119,Ashland Ave & Lake St,19,19,In Service,41.88592,-87.66717,"(41.88592, -87.66717)"
249,Montrose Harbor,31,31,In Service,41.963982,-87.638181,"(41.963982, -87.638181)"
163,Damen Ave & Clybourn Ave,15,15,In Service,41.931931,-87.677856,"(41.931931, -87.677856)"
578,Bennett Ave & 79th St,11,11,In Service,41.751785,-87.578496,"(41.751785, -87.578496)"
1593766338948359058,Lawler Ave & 50th St,9,9,In Service,41.802209,-87.7489007,"(41.802209, -87.7489007)"
207,Emerald Ave & 28th St,15,15,In Service,41.84358,-87.645368,"(41.84358, -87.645368)"
518,Conservatory Dr & Lake St,11,11,In Service,41.885502,-87.716866,"(41.885502, -87.716866)"
4,Burnham Harbor,23,23,In Service,41.856268,-87.613348,"(41.856268, -87.613348)"
144,Larrabee St & Webster Ave,19,19,In Service,41.921822,-87.64414,"(41.921822, -87.64414)"
205,Paulina St & 18th St,15,15,In Service,41.857901,-87.668745,"(41.857901, -87.668745)"
72,Wabash Ave & 16th St,39,39,In Service,41.860384,-87.625813,"(41.860384, -87.625813)"
584,Ellis Ave & 83rd St,11,11,In Service,41.744123,-87.599034,"(41.744123, -87.599034)"
582,Phillips Ave & 83rd St,11,11,In Service,41.744531,-87.56506,"(41.744531, -87.56506)"
496,Avers Ave & Belmont Ave,11,11,In Service,41.939408,-87.723574,"(41.939408, -87.723574)"
2,Buckingham Fountain,39,39,In Service,41.876535194,-87.620472908,"(41.8765351944122, -87.62047290802002)"
594,Western Blvd & 48th Pl,11,11,In Service,41.805661,-87.683392,"(41.805661, -87.683392)"
179,MLK Jr Dr & Pershing Rd,15,15,In Service,41.8246,-87.61678,"(41.8246, -87.61678)"
493,Western Ave & Roscoe St,11,11,In Service,41.943034,-87.687288,"(41.943034, -87.687288)"
601,Central St Metra,15,15,In Service,42.063598,-87.69873,"(42.063598, -87.69873)"
538,Cicero Ave & Flournoy St,11,11,In Service,41.872131,-87.746619,"(41.872131, -87.746619)"
223,Clifton Ave & Armitage Ave,15,15,In Service,41.918216,-87.656936,"(41.918216, -87.656936)"
1582242285272847908,California Ave & Marquette Rd,9,9,In Service,41.7715789,-87.6933566,"(41.7715789, -87.6933566)"
126,Clark St & North Ave,15,15,In Service,41.911974,-87.631942,"(41.911974, -87.631942)"
115,Sheffield Ave & Wellington Ave,23,23,In Service,41.936253483,-87.652662098,"(41.9362534831413, -87.65266209840775)"
143,Sedgwick St & Webster Ave,15,15,In Service,41.922167,-87.638888,"(41.922167, -87.638888)"
147,Indiana Ave & 26th St,15,15,In Service,41.845687,-87.622481,"(41.845687, -87.622481)"
61,Wood St & Milwaukee Ave,19,19,In Service,41.907655,-87.672552,"(41.907655, -87.672552)"
544,Austin Blvd & Madison St,11,11,In Service,41.880281,-87.774453,"(41.880281, -87.774453)"
336,Cottage Grove Ave & 47th St,15,15,In Service,41.809855,-87.606755,"(41.809855, -87.606755)"
396,Yates Blvd & 75th St,11,11,In Service,41.758768,-87.56644,"(41.758768, -87.56644)"
554,Damen Ave & 51st St,7,7,In Service,41.800908,-87.674684,"(41.800908, -87.674684)"
565,Ashland Ave & 66th St,7,7,In Service,41.774074,-87.663815,"(41.774074, -87.663815)"
1561012895895892548,Kildare Ave & 26th St,9,9,In Service,41.8442315,-87.7321534,"(41.8442315, -87.7321534)"
653,Cornell Dr & Hayes Dr,11,11,In Service,41.780595,-87.584846,"(41.780595, -87.584846)"
289,Wells St & Concord Ln,19,19,In Service,41.912133,-87.634656,"(41.912133, -87.634656)"
162,Damen Ave & Wellington Ave,15,15,In Service,41.93588,-87.67842,"(41.93588, -87.67842)"
390,Wentworth Ave & 63rd St,11,11,In Service,41.780079633,-87.629746305,"(41.78007963264, -87.6297463052)"
93,Sheffield Ave & Willow St,15,15,In Service,41.913688,-87.652855,"(41.913688, -87.652855)"
580,Exchange Ave & 79th St,11,11,In Service,41.751731,-87.552812,"(41.751731, -87.552812)"
391,Halsted St & 69th St,11,11,In Service,41.76906172,-87.644613578,"(41.76906172032, -87.6446135779)"
483,Avondale Ave & Irving Park Rd,19,19,In Service,41.953393,-87.732002,"(41.953393, -87.732002)"
15,Racine Ave & 18th St,15,15,In Service,41.858166,-87.656495,"(41.858166, -87.656495)"
271,Cottage Grove Ave & 43rd St,11,11,In Service,41.816499,-87.606582,"(41.816499, -87.606582)"
100,Orleans St & Merchandise Mart Plaza,35,35,In Service,41.888243,-87.63639,"(41.888243, -87.63639)"
645,Archer (Damen) Ave & 37th St,11,11,In Service,41.826712,-87.683144,"(41.826712, -87.683144)"
264,Stetson Ave & South Water St,19,19,In Service,41.886835,-87.62232,"(41.886835, -87.62232)"
282,Halsted St & Maxwell St,15,15,In Service,41.864883,-87.647071,"(41.864883, -87.647071)"
1575949498093662918,Menard Ave & Division St,9,9,In Service,41.902269,-87.7704807,"(41.902269, -87.7704807)"
23,Orleans St & Elm St,15,15,In Service,41.902924,-87.637715,"(41.902924, -87.637715)"
534,Karlov Ave & Madison St,11,11,In Service,41.88085,-87.727907,"(41.88085, -87.727907)"
517,Clark St & Jarvis Ave,11,11,In Service,42.015963,-87.675005,"(42.015963, -87.675005)"
117,Wilton Ave & Belmont Ave,27,27,In Service,41.94018,-87.65304,"(41.94018, -87.65304)"
137,Morgan Ave & 14th Pl,15,15,In Service,41.862378,-87.651062,"(41.862378, -87.651062)"
303,Broadway & Cornelia Ave,23,23,In Service,41.945529,-87.646439,"(41.945529, -87.646439)"
299,Halsted St & Roscoe St,15,15,In Service,41.94367,-87.64895,"(41.94367, -87.64895)"
524,Austin Blvd & Chicago Ave,7,7,In Service,41.894887,-87.774704,"(41.894887, -87.774704)"
302,Sheffield Ave & Wrightwood Ave,31,31,In Service,41.928712,-87.653833,"(41.928712, -87.653833)"
53,Wells St & Huron St,27,27,In Service,41.894722,-87.634362,"(41.894722, -87.634362)"
183,Damen Ave & Thomas St (Augusta Blvd),23,23,In Service,41.901315,-87.677409,"(41.901315, -87.677409)"
127,Lincoln Ave & Fullerton Ave,15,15,In Service,41.924161029,-87.646380365,"(41.924161029067626, -87.64638036489487)"
392,Perry Ave & 69th St,11,11,In Service,41.76929309,-87.628195929,"(41.76929308995, -87.6281959291)"
393,Calumet Ave & 71st St,11,11,In Service,41.765508006,-87.616917925,"(41.76550800581, -87.616917925)"
395,Jeffery Blvd & 76th St,11,11,In Service,41.757120068,-87.575839359,"(41.75712006802, -87.5758393587)"
520,Greenview Ave & Jarvis Ave,19,19,In Service,42.015962,-87.66857,"(42.015962, -87.66857)"
398,Rainbow Beach,15,15,In Service,41.757871448,-87.54938625,"(41.75787144829, -87.54938625)"
260,Kedzie Ave & Milwaukee Ave,35,35,In Service,41.929567,-87.707857,"(41.929567, -87.707857)"
399,South Shore Dr & 74th St,11,11,In Service,41.76218896,-87.55927465,"(41.76218896038, -87.55927465)"
40,LaSalle St & Adams St,15,15,In Service,41.879344373,-87.631985221,"(41.87934437346, -87.6319852213)"
556,Throop St & 52nd St,7,7,In Service,41.799659,-87.657195,"(41.799659, -87.657195)"
595,Wabash Ave & 87th St,11,11,In Service,41.736646,-87.622634,"(41.736646, -87.622634)"
1606778059648526978,Whipple/Irving Park,9,9,In Service,41.954189,-87.704448,"(41.954189, -87.704448)"
403,Wentworth Ave & 33rd St,15,15,In Service,41.834529886,-87.631822981,"(41.83452988563, -87.6318229814)"
29,Noble St & Milwaukee Ave,15,15,In Service,41.90068,-87.6626,"(41.90068, -87.6626)"
333,Ashland Ave & Blackhawk St,15,15,In Service,41.907066,-87.667252,"(41.907066, -87.667252)"
577,Stony Island Ave & South Chicago Ave,11,11,In Service,41.751173,-87.585337,"(41.751173, -87.585337)"
203,Western Ave & 21st St,15,15,In Service,41.854109,-87.685838,"(41.854109, -87.685838)"
330,Lincoln Ave & Addison St,19,19,In Service,41.946176,-87.673308,"(41.946176, -87.673308)"
527,Western Ave & Howard St,15,15,In Service,42.018901,-87.690048,"(42.018901, -87.690048)"
539,Cicero Ave & Quincy St,11,11,In Service,41.877613,-87.745405,"(41.877613, -87.745405)"
169,Canal St & Harrison St,15,15,In Service,41.874255,-87.639573,"(41.874255, -87.639573)"
385,Princeton Ave & Garfield Blvd,11,11,In Service,41.794982,-87.633124,"(41.794982, -87.633124)"
204,Prairie Ave & Garfield Blvd,11,11,In Service,41.794853,-87.618691,"(41.794853, -87.618691)"
659,Leavitt St & Chicago Ave,15,15,In Service,41.895501,-87.682017,"(41.895501, -87.682017)"
343,Racine Ave & Wrightwood Ave,15,15,In Service,41.928887,-87.658971,"(41.928887, -87.658971)"
540,Laramie Ave & Madison St,11,11,In Service,41.880207,-87.755337,"(41.880207, -87.755337)"
381,Western Ave & Monroe St,15,15,In Service,41.879787709,-87.686112808,"(41.8797877089, -87.686112808)"
118,Sedgwick St & North Ave,19,19,In Service,41.911386,-87.638677,"(41.911386, -87.638677)"
212,Wells St & Hubbard St,31,31,In Service,41.889906,-87.634266,"(41.889906, -87.634266)"
456,2112 W Peterson Ave,11,11,In Service,41.991178,-87.683593,"(41.991178, -87.683593)"
14,Morgan St & 18th St,15,15,In Service,41.858086,-87.651073,"(41.858086, -87.651073)"
109,900 W Harrison St,19,19,In Service,41.874754,-87.649807,"(41.874754, -87.649807)"
227,Southport Ave & Waveland Ave,23,23,In Service,41.94815,-87.66394,"(41.94815, -87.66394)"
174,Canal St & Madison St,35,35,In Service,41.882091,-87.639833,"(41.882091, -87.639833)"
92,Carpenter St & Huron St,19,19,In Service,41.894556,-87.653449,"(41.894556, -87.653449)"
55,Halsted St & Roosevelt Rd,23,23,In Service,41.867324,-87.648625,"(41.867324, -87.648625)"
349,Halsted St & Wrightwood Ave,15,15,In Service,41.929143,-87.649077,"(41.929143, -87.649077)"
436,Fairfield Ave & Roosevelt Rd,11,11,In Service,41.866624,-87.694521,"(41.866624, -87.694521)"
559,Racine Ave & Garfield Blvd,11,11,In Service,41.794228,-87.655073,"(41.794228, -87.655073)"
567,May St & 69th St,11,11,In Service,41.768938,-87.652934,"(41.768938, -87.652934)"
181,LaSalle St & Illinois St,31,31,In Service,41.890762,-87.631697,"(41.890762, -87.631697)"
243,Lincoln Ave & Sunnyside Ave,15,15,In Service,41.963004,-87.684781,"(41.963004, -87.684781)"
338,Calumet Ave & 18th St,15,15,In Service,41.857611,-87.619407,"(41.857611, -87.619407)"
1594046396693172926,Albany Ave & 16th St,9,9,In Service,41.85936,-87.70302,"(41.85936, -87.70302)"
660,Sheridan Rd & Columbia Ave,15,15,In Service,42.004583,-87.661406,"(42.004583, -87.661406)"
407,State St & Pershing Rd,11,11,In Service,41.823015238,-87.626568018,"(41.82301523798, -87.6265680185)"
59,Wabash Ave & Roosevelt Rd,23,23,In Service,41.867227,-87.625961,"(41.867227, -87.625961)"
626,Delano Ct & Roosevelt Rd,19,19,In Service,41.867491,-87.63219,"(41.867491, -87.63219)"
86,Eckhart Park,19,19,In Service,41.89637337,-87.66098386,"(41.89637337, -87.66098386)"
295,Broadway & Argyle St,19,19,In Service,41.973815,-87.65966,"(41.973815, -87.65966)"
475,Washtenaw Ave & Lawrence Ave,15,15,In Service,41.968987,-87.696027,"(41.968987, -87.696027)"
177,Theater on the Lake,31,31,In Service,41.926277,-87.630834,"(41.926277, -87.630834)"
574,Vernon Ave & 79th St,11,11,In Service,41.75094,-87.61379,"(41.75094, -87.61379)"
329,DuSable Lake Shore Dr & Diversey Pkwy,23,23,In Service,41.932588,-87.636427,"(41.932588, -87.636427)"
52,Michigan Ave & Lake St,35,35,In Service,41.886024,-87.624117,"(41.886024, -87.624117)"
274,Racine Ave & 15th St,15,15,In Service,41.861267,-87.656625,"(41.861267, -87.656625)"
405,Wentworth Ave & 35th St,15,15,In Service,41.830777,-87.632504,"(41.830777, -87.632504)"
277,Ashland Ave & Grand Ave,15,15,In Service,41.891072,-87.666611,"(41.891072, -87.666611)"
238,Wolcott (Ravenswood) Ave & Montrose Ave,15,15,In Service,41.961406,-87.676169,"(41.961406, -87.676169)"
261,Hermitage Ave & Polk St,15,15,In Service,41.871514,-87.669886,"(41.871514, -87.669886)"
244,Ravenswood Ave & Irving Park Rd,19,19,In Service,41.95469,-87.67393,"(41.95469, -87.67393)"
550,Central Ave & Chicago Ave,11,11,In Service,41.894958,-87.764902,"(41.894958, -87.764902)"
666,Cherry Ave & Blackhawk St,15,15,In Service,41.907221,-87.655618,"(41.907221, -87.655618)"
409,Shields Ave & 43rd St,11,11,In Service,41.816207679,-87.63481935,"(41.81620767856, -87.6348193497)"
253,Winthrop Ave & Lawrence Ave,15,15,In Service,41.968812,-87.657659,"(41.968812, -87.657659)"
152,Lincoln Ave & Diversey Pkwy,15,15,In Service,41.932225,-87.658617,"(41.932225, -87.658617)"
1571105055115583502,Orange & Addison,9,9,In Service,41.9448846,-87.82423,"(41.9448846, -87.82423)"
590,Kilbourn Ave & Irving Park Rd,11,11,In Service,41.953733,-87.740569,"(41.953733, -87.740569)"
165,Clark St & Grace St,23,23,In Service,41.95078,-87.659172,"(41.95078, -87.659172)"
190,Southport Ave & Wrightwood Ave,15,15,In Service,41.928773,-87.663913,"(41.928773, -87.663913)"
21,Aberdeen St & Jackson Blvd,23,23,In Service,41.87772613,-87.65478743,"(41.87772613, -87.65478743)"
705,Stony Island Ave & 90th St,15,15,In Service,41.731394943,-87.585743666,"(41.731394943302355, -87.58574366569519)"
167,Damen Ave & Coulter St,7,7,In Service,41.8492,-87.67564,"(41.8492, -87.67564)"
111,Sedgwick St & Huron St,27,27,In Service,41.894666,-87.638437,"(41.894666, -87.638437)"
597,Chicago Ave & Washington St,15,15,In Service,42.032562,-87.679101,"(42.032562, -87.679101)"
514,Ridge Blvd & Howard St,11,11,In Service,42.019276,-87.68452,"(42.019276, -87.68452)"
406,Lake Park Ave & 35th St,19,19,In Service,41.831274235,-87.608799195,"(41.83127423549, -87.6087991946)"
194,Wabash Ave & Wacker Pl,19,19,In Service,41.886875,-87.62603,"(41.886875, -87.62603)"
408,Union Ave & Root St,11,11,In Service,41.819102,-87.643278,"(41.819102, -87.643278)"
341,Adler Planetarium,39,39,In Service,41.866095,-87.607267,"(41.866095, -87.607267)"
216,California Ave & Division St,15,15,In Service,41.903029,-87.697474,"(41.903029, -87.697474)"
568,Vincennes Ave & 75th St,7,7,In Service,41.75797,-87.63121,"(41.75797, -87.63121)"
136,Racine Ave & 13th St,15,15,In Service,41.865054,-87.656959,"(41.865054, -87.656959)"
102,Stony Island Ave & 67th St,11,11,In Service,41.773458499,-87.585339739,"(41.77345849948, -87.5853397391)"
470,Kedzie Ave & Foster Ave,11,11,In Service,41.975672,-87.709261,"(41.975672, -87.709261)"
262,Halsted St & 37th St,11,11,In Service,41.827059,-87.64572,"(41.827059, -87.64572)"
410,Prairie Ave & 43rd St,15,15,In Service,41.816658893,-87.619412462,"(41.81665889302, -87.6194124619)"
257,Lincoln Ave & Waveland Ave,15,15,In Service,41.948797,-87.675278,"(41.948797, -87.675278)"
218,Wells St & 19th St,11,11,In Service,41.856802,-87.633879,"(41.856802, -87.633879)"
411,Halsted St & 47th Pl,11,11,In Service,41.808133915,-87.645616554,"(41.80813391481, -87.6456165545)"
321,Wabash Ave & 9th St,19,19,In Service,41.870769,-87.625734,"(41.870769, -87.625734)"
412,Princeton Ave & 47th St,11,11,In Service,41.809317709,-87.633449288,"(41.80931770924, -87.633449288)"
351,Cottage Grove Ave & 51st St,15,15,In Service,41.803038,-87.606615,"(41.803038, -87.606615)"
564,Racine Ave & 65th St,11,11,In Service,41.775393,-87.654308,"(41.775393, -87.654308)"
413,Woodlawn Ave & Lake Park Ave,15,15,In Service,41.81409271,-87.597005148,"(41.81409271048, -87.5970051479)"
293,Broadway & Wilson - Truman College Vaccination Site,23,23,In Service,41.965221,-87.658139,"(41.965221, -87.658139)"
281,Western Ave & 24th St,7,7,In Service,41.84847,-87.685109,"(41.84847, -87.685109)"
575,Cottage Grove Ave & 78th St,11,11,In Service,41.753174,-87.605026,"(41.753174, -87.605026)"
292,Southport Ave & Clark St,11,11,In Service,41.957081,-87.664199,"(41.957081, -87.664199)"
630,Kildare Ave & Montrose Ave,15,15,In Service,41.96108,-87.73569,"(41.96108, -87.73569)"
246,Ashland Ave & Belle Plaine Ave,11,11,In Service,41.956057,-87.668835,"(41.956057, -87.668835)"
224,Halsted St & Willow St,19,19,In Service,41.913865,-87.648755,"(41.913865, -87.648755)"
146,Loomis St & Jackson Blvd,19,19,In Service,41.877945,-87.662007,"(41.877945, -87.662007)"
164,Franklin St & Lake St,27,27,In Service,41.885837,-87.6355,"(41.885837, -87.6355)"
166,Ashland Ave & Wrightwood Ave,15,15,In Service,41.92883,-87.668507,"(41.92883, -87.668507)"
558,Ashland Ave & Garfield Blvd,11,11,In Service,41.792822,-87.664429,"(41.792822, -87.664429)"
662,Dodge Ave & Mulford St,15,15,In Service,42.023463,-87.699595,"(42.023463, -87.699595)"
535,Pulaski Rd & Congress Pkwy,11,11,In Service,41.874325,-87.725704,"(41.874325, -87.725704)"
639,Lakefront Trail & Wilson Ave,15,15,In Service,41.965845,-87.645361,"(41.965845, -87.645361)"
665,South Chicago Ave & Elliot Ave,7,7,In Service,41.747363,-87.580046,"(41.747363, -87.580046)"
305,Western Ave & Division St,23,23,In Service,41.902893,-87.687275,"(41.902893, -87.687275)"
1622724289952663440,La Villita Park (Albany/30th),9,9,In Service,41.8392528,-87.7020207,"(41.8392528, -87.7020207)"
542,Central Ave & Madison St,11,11,In Service,41.880121,-87.763238,"(41.880121, -87.763238)"
652,Rhodes Ave & 71st St,11,11,In Service,41.766,-87.611726,"(41.766, -87.611726)"
549,Marshfield Ave & 44th St,11,11,In Service,41.813996,-87.666589,"(41.813996, -87.666589)"
185,Stave St & Armitage Ave,11,11,In Service,41.917741,-87.691392,"(41.917741, -87.691392)"
201,Indiana Ave & 40th St,11,11,In Service,41.82168,-87.6216,"(41.82168, -87.6216)"
233,Sangamon St & Washington Blvd,15,15,In Service,41.883165,-87.6511,"(41.883165, -87.6511)"
320,Loomis St & Lexington St,19,19,In Service,41.872187,-87.661501,"(41.872187, -87.661501)"
196,Cityfront Plaza Dr & Pioneer Ct,31,31,In Service,41.890573,-87.622072,"(41.890573, -87.622072)"
242,Damen Ave & Leland Ave,15,15,In Service,41.967094,-87.679028,"(41.967094, -87.679028)"
576,Greenwood Ave & 79th St,11,11,In Service,41.751294,-87.597552,"(41.751294, -87.597552)"
251,Clarendon Ave & Leland Ave,15,15,In Service,41.967968,-87.650001,"(41.967968, -87.650001)"
415,Calumet Ave & 51st St,11,11,In Service,41.802294651,-87.61805358,"(41.80229465088, -87.6180535802)"
402,Shields Ave & 31st St,15,15,In Service,41.838464,-87.635406,"(41.838464, -87.635406)"
1594046383808271020,Washtenaw Ave & Madison St,9,9,In Service,41.881286,-87.69396,"(41.881286, -87.69396)"
20,Sheffield Ave & Kingsbury St,15,15,In Service,41.910522,-87.653106,"(41.910522, -87.653106)"
138,Clybourn Ave & Division St,15,15,In Service,41.904613,-87.640552,"(41.904613, -87.640552)"
108,Halsted St & Polk St,19,19,In Service,41.87184,-87.64664,"(41.87184, -87.64664)"
557,Seeley Ave & Garfield Blvd,11,11,In Service,41.794087,-87.675478,"(41.794087, -87.675478)"
279,Halsted St & 35th St,15,15,In Service,41.830661,-87.647172,"(41.830661, -87.647172)"
265,Cottage Grove Ave & Oakwood Blvd,15,15,In Service,41.822985,-87.6071,"(41.822985, -87.6071)"
291,Wells St & Evergreen Ave,19,19,In Service,41.906724,-87.63483,"(41.906724, -87.63483)"
124,Damen Ave & Cullerton St,15,15,In Service,41.854966519,-87.675699592,"(41.854966518753926, -87.67569959163664)"
178,State St & 19th St,15,15,In Service,41.856594,-87.627542,"(41.856594, -87.627542)"
342,Wolcott Ave & Polk St,23,23,In Service,41.871262,-87.673688,"(41.871262, -87.673688)"
290,Kedzie Ave & Palmer Ct,15,15,In Service,41.921525,-87.707322,"(41.921525, -87.707322)"
192,Canal St & Adams St,47,47,In Service,41.879255,-87.639904,"(41.879255, -87.639904)"
1563698692616359928,Lavergne & Fullerton,9,9,In Service,41.923982,-87.7511643,"(41.923982, -87.7511643)"
602,Central St & Girard Ave,15,15,In Service,42.064313,-87.686152,"(42.064313, -87.686152)"
1594046456830870690,Troy St & Grace St,9,9,In Service,41.950244,-87.706489,"(41.950244, -87.706489)"
548,Morgan St & Pershing Rd,7,7,In Service,41.823613,-87.650931,"(41.823613, -87.650931)"
628,Walsh Park,23,23,In Service,41.91461,-87.667968,"(41.91461, -87.667968)"
219,Damen Ave & Cortland St,19,19,In Service,41.915983,-87.677335,"(41.915983, -87.677335)"
416,Dorchester Ave & 49th St,15,15,In Service,41.805772,-87.592464,"(41.805772, -87.592464)"
465,Marine Dr & Ainslie St,23,23,In Service,41.9716,-87.650154,"(41.9716, -87.650154)"
159,Claremont Ave & Hirsch St,11,11,In Service,41.907781,-87.685854,"(41.907781, -87.685854)"
528,Pulaski Rd & Lake St,11,11,In Service,41.885409,-87.726491,"(41.885409, -87.726491)"
110,Dearborn St & Erie St,27,27,In Service,41.893992,-87.629318,"(41.893992, -87.629318)"
5,State St & Harrison St,23,23,In Service,41.874053,-87.627716,"(41.874053, -87.627716)"
195,Columbus Dr & Randolph St,55,55,In Service,41.884728,-87.619521,"(41.884728, -87.619521)"
33,State St & Van Buren St,27,27,In Service,41.877181,-87.627844,"(41.877181, -87.627844)"
275,Ashland Ave & 13th St,15,15,In Service,41.865234,-87.666507,"(41.865234, -87.666507)"
571,Vernon Ave & 75th St,11,11,In Service,41.758361,-87.614138,"(41.758361, -87.614138)"
546,Damen Ave & Pershing Rd,11,11,In Service,41.823192,-87.676597,"(41.823192, -87.676597)"
1594046422462976736,Rockwell St & Fletcher St,9,9,In Service,41.938689,-87.692972,"(41.938689, -87.692972)"
87,Racine Ave & Fullerton Ave,19,19,In Service,41.92556258,-87.65840426,"(41.92556258, -87.65840426)"
28,Larrabee St & Menomonee St,15,15,In Service,41.91468,-87.64332,"(41.91468, -87.64332)"
239,Western Ave & Leland Ave,19,19,In Service,41.966399802,-87.688704282,"(41.966399801840986, -87.68870428204536)"
440,Central Park Ave & 24th St,11,11,In Service,41.8481,-87.715068,"(41.8481, -87.715068)"
344,Ravenswood Ave & Lawrence Ave,47,47,In Service,41.96909,-87.674237,"(41.96909, -87.674237)"
125,Rush St & Hubbard St,23,23,In Service,41.890173,-87.626185,"(41.890173, -87.626185)"
327,Sheffield Ave & Webster Ave,19,19,In Service,41.92154,-87.653818,"(41.92154, -87.653818)"
579,Phillips Ave & 79th St,11,11,In Service,41.75182,-87.565211,"(41.75182, -87.565211)"
51,Clark St & Randolph St,43,43,In Service,41.884576228,-87.63188991,"(41.884576228, -87.63188991)"
267,Lake Park Ave & 47th St,15,15,In Service,41.809443,-87.591875,"(41.809443, -87.591875)"
324,Stockton Dr & Wrightwood Ave,15,15,In Service,41.93132,-87.638742,"(41.93132, -87.638742)"
248,Woodlawn Ave & 55th St,19,19,In Service,41.795264,-87.596471,"(41.795264, -87.596471)"
45,Michigan Ave & Ida B Wells Dr,15,15,In Service,41.876243,-87.624426,"(41.876243, -87.624426)"
309,Leavitt St & Armitage Ave,11,11,In Service,41.917805,-87.682437,"(41.917805, -87.682437)"
234,Clark St & Montrose Ave,19,19,In Service,41.961588,-87.666036,"(41.961588, -87.666036)"
306,Sheridan Rd & Buena Ave,19,19,In Service,41.958494,-87.654966,"(41.958494, -87.654966)"
304,Broadway & Waveland Ave,15,15,In Service,41.949074,-87.648636,"(41.949074, -87.648636)"
401,Shields Ave & 28th Pl,11,11,In Service,41.842733,-87.635491,"(41.842733, -87.635491)"
250,Ashland Ave & Wellington Ave,19,19,In Service,41.936083,-87.669807,"(41.936083, -87.669807)"
315,Elston Ave & Wabansia Ave,23,23,In Service,41.912919,-87.664169,"(41.912919, -87.664169)"
276,California Ave & North Ave,11,11,In Service,41.91044,-87.6972,"(41.91044, -87.6972)"
209,Normal Ave & Archer Ave,11,11,In Service,41.849527,-87.640591,"(41.849527, -87.640591)"
502,California Ave & Altgeld St,15,15,In Service,41.92669,-87.697668,"(41.92669, -87.697668)"
394,Clark St & 9th St (AMLI),15,15,In Service,41.870816,-87.631246,"(41.870816, -87.631246)"
328,Ellis Ave & 58th St,19,19,In Service,41.788746,-87.601334,"(41.788746, -87.601334)"
1594046388103238324,Mozart St & Jackson Blvd,6,6,In Service,41.877507,-87.6974,"(41.877507, -87.6974)"
241,Morgan St & Polk St,19,19,In Service,41.871737,-87.65103,"(41.871737, -87.65103)"
318,Southport Ave & Irving Park Rd,15,15,In Service,41.954177,-87.664358,"(41.954177, -87.664358)"
106,State St & Pearson St,27,27,In Service,41.897448,-87.628722,"(41.897448, -87.628722)"
1561012870126088744,Central Park Ave & Douglas Blvd,9,9,In Service,41.862355,-87.7157109,"(41.862355, -87.7157109)"
311,Leavitt St & Lawrence Ave,19,19,In Service,41.968885,-87.684001,"(41.968885, -87.684001)"
240,Sheridan Rd & Irving Park Rd,27,27,In Service,41.954245,-87.654406,"(41.954245, -87.654406)"
231,Sheridan Rd & Montrose Ave,23,23,In Service,41.96167,-87.65464,"(41.96167, -87.65464)"
283,LaSalle St & Jackson Blvd,35,35,In Service,41.878166,-87.631929,"(41.878166, -87.631929)"
418,Ellis Ave & 53rd St,11,11,In Service,41.799336263,-87.600958115,"(41.79933626261, -87.6009581145)"
620,Orleans St & Chestnut St (NEXT Apts),15,15,In Service,41.898203,-87.637536,"(41.898203, -87.637536)"
263,Rhodes Ave & 32nd St,11,11,In Service,41.836208,-87.613533,"(41.836208, -87.613533)"
288,Larrabee St & Armitage Ave,15,15,In Service,41.918084,-87.643749,"(41.918084, -87.643749)"
593,Halsted St & 59th St,11,11,In Service,41.787539,-87.644874,"(41.787539, -87.644874)"
80,Aberdeen St & Monroe St,19,19,In Service,41.880419,-87.655519,"(41.880419, -87.655519)"
340,Clark St & Wrightwood Ave,15,15,In Service,41.929546,-87.643118,"(41.929546, -87.643118)"
531,Central Ave & Lake St,11,11,In Service,41.887664,-87.765469,"(41.887664, -87.765469)"
347,Ashland Ave & Grace St,15,15,In Service,41.950687,-87.6687,"(41.950687, -87.6687)"
160,Campbell Ave & North Ave,15,15,In Service,41.910535,-87.689556,"(41.910535, -87.689556)"
113,Bissell St & Armitage Ave,15,15,In Service,41.918018142,-87.652181983,"(41.91801814237187, -87.65218198299408)"
12,South Shore Dr & 71st St,15,15,In Service,41.766409457,-87.565687572,"(41.7664094567, -87.5656875719)"
1563698718386161690,Oak Park & Wellington,9,9,In Service,41.934586,-87.7959613,"(41.934586, -87.7959613)"
355,South Shore Dr & 67th St,15,15,In Service,41.773643,-87.567514,"(41.773643, -87.567514)"
420,Ellis Ave & 55th St,19,19,In Service,41.794300621,-87.601449773,"(41.79430062054, -87.6014497734)"
1594046405283107532,Whipple St & Roosevelt Rd,9,9,In Service,41.866554,-87.701329,"(41.866554, -87.701329)"
68,Clinton St & Tilden St,23,23,In Service,41.875885,-87.640795,"(41.875885, -87.640795)"
603,Chicago Ave & Sheridan Rd,15,15,In Service,42.050491,-87.677821,"(42.050491, -87.677821)"
32,Racine Ave & Congress Pkwy,19,19,In Service,41.87464,-87.65703,"(41.87464, -87.65703)"
421,MLK Jr Dr & 56th St,11,11,In Service,41.793429457,-87.615853262,"(41.79342945658, -87.6158532619)"
284,Michigan Ave & Jackson Blvd,23,23,In Service,41.87785,-87.62408,"(41.87785, -87.62408)"
175,Wells St & Polk St,19,19,In Service,41.872596,-87.633502,"(41.872596, -87.633502)"
1575949528158434034,Bloomingdale Ave & Harlem Ave,9,9,In Service,41.9120739,-87.8057657,"(41.9120739, -87.8057657)"
583,Stony Island Ave & 82nd St,11,11,In Service,41.746559,-87.586005,"(41.746559, -87.586005)"
422,DuSable Museum,11,11,In Service,41.791568011,-87.607852177,"(41.79156801058, -87.6078521774)"
131,Lincoln Ave & Belmont Ave,15,15,In Service,41.939365,-87.668385,"(41.939365, -87.668385)"
129,Blue Island Ave & 18th St,15,15,In Service,41.857556,-87.661535,"(41.857556, -87.661535)"
424,Museum of Science and Industry,27,27,In Service,41.79172821,-87.583945009,"(41.79172820953, -87.583945009)"
171,May St & Cullerton St,11,11,In Service,41.855136,-87.654127,"(41.855136, -87.654127)"
423,University Ave & 57th St,31,31,In Service,41.791478,-87.599861,"(41.791478, -87.599861)"
36,Franklin St & Jackson Blvd,39,39,In Service,41.877707956,-87.635321141,"(41.8777079559, -87.6353211408)"
326,Clark St & Leland Ave,19,19,In Service,41.967096,-87.667429,"(41.967096, -87.667429)"
116,Western Ave & Winnebago Ave,15,15,In Service,41.91552,-87.687022,"(41.91552, -87.687022)"
188,Greenview Ave & Fullerton Ave,15,15,In Service,41.92533,-87.6658,"(41.92533, -87.6658)"
419,Lake Park Ave & 53rd St,15,15,In Service,41.799494294,-87.586449896,"(41.79949429373, -87.5864498959)"
417,Cornell Ave & Hyde Park Blvd,19,19,In Service,41.802406,-87.586924,"(41.802406, -87.586924)"
307,Southport Ave & Clybourn Ave,15,15,In Service,41.920771,-87.663712,"(41.920771, -87.663712)"
1594046418168009438,Albany Ave & Belmont Ave,9,9,In Service,41.939638,-87.705263,"(41.939638, -87.705263)"
206,Halsted St & Archer Ave,15,15,In Service,41.847203,-87.646795,"(41.847203, -87.646795)"
297,Paulina St & Montrose Ave,15,15,In Service,41.961507,-87.671387,"(41.961507, -87.671387)"
258,Logan Blvd & Elston Ave,27,27,In Service,41.929465,-87.684158,"(41.929465, -87.684158)"
254,Pine Grove Ave & Irving Park Rd,15,15,Not In Service,41.954383,-87.648043,"(41.954383, -87.648043)"
272,Indiana Ave & 31st St,11,11,In Service,41.838842,-87.621857,"(41.838842, -87.621857)"
252,Greenwood Ave & 47th St,15,15,In Service,41.809835,-87.599383,"(41.809835, -87.599383)"
121,Blackstone Ave & Hyde Park Blvd,19,19,In Service,41.802562,-87.590368,"(41.802562, -87.590368)"
1582242315337619018,Kedzie Ave & 45th St,6,6,In Service,41.8113904,-87.7040052,"(41.8113904, -87.7040052)"
598,Elmwood Ave & Austin St,15,15,In Service,42.025784,-87.684107,"(42.025784, -87.684107)"
27,Larrabee St & North Ave,19,19,In Service,41.91021,-87.6435,"(41.91021, -87.6435)"
120,Wentworth Ave & Cermak Rd,19,19,In Service,41.853084557,-87.631931305,"(41.85308455741279, -87.63193130493164)"
245,Clarendon Ave & Junior Ter,23,23,In Service,41.961004,-87.649603,"(41.961004, -87.649603)"
1561012874421056044,Pulaski Rd & 21st St,9,9,In Service,41.853452,-87.724541,"(41.853452, -87.724541)"
619,Keystone Ave & Fullerton Ave,11,11,In Service,41.92459,-87.72785,"(41.92459, -87.72785)"
599,Valli Produce - Evanston Plaza,15,15,In Service,42.039742,-87.699413,"(42.039742, -87.699413)"
19,Throop St & Taylor St,15,15,In Service,41.868968,-87.659141,"(41.868968, -87.659141)"
585,Cottage Grove Ave & 83rd St,11,11,In Service,41.743441,-87.604836,"(41.743441, -87.604836)"
1594046435347878642,Virginia Ave & Catalpa Ave,9,9,In Service,41.9812456,-87.7048924,"(41.9812456, -87.7048924)"
452,Western Ave & Granville Ave,11,11,In Service,41.994161369,-87.689438282,"(41.99416136902, -87.689438282)"
148,State St & 33rd St,15,15,In Service,41.834734,-87.625813,"(41.834734, -87.625813)"
427,Cottage Grove Ave & 63rd St,15,15,In Service,41.780600945,-87.605836093,"(41.78060094521422, -87.60583609342575)"
1582242306747684414,St Louis Ave & Norman Bobbins Ave,9,9,In Service,41.794422,-87.71137,"(41.794422, -87.71137)"
400,Cottage Grove Ave & 71st St,11,11,In Service,41.765719037,-87.604959713,"(41.76571903697, -87.604959713)"
308,Seeley Ave & Roscoe St,11,11,In Service,41.943403,-87.679618,"(41.943403, -87.679618)"
158,Milwaukee Ave & Wabansia Ave,15,15,In Service,41.912616,-87.681391,"(41.912616, -87.681391)"
285,Wood St & Hubbard St,19,19,In Service,41.889899,-87.671473,"(41.889899, -87.671473)"
1582242298157749814,Kedzie Ave & 48th Pl,12,12,In Service,41.8047515,-87.7041145,"(41.8047515, -87.7041145)"
383,Paulina St & Flournoy St,31,31,In Service,41.87295,-87.66913,"(41.87295, -87.66913)"
150,Fort Dearborn Dr & 31st St,27,27,In Service,41.838556,-87.608218,"(41.838556, -87.608218)"
426,Ellis Ave & 60th St,19,19,In Service,41.785097146,-87.601072761,"(41.78509714636, -87.6010727606)"
589,Milwaukee Ave & Cuyler Ave,11,11,In Service,41.954468,-87.749594,"(41.954468, -87.749594)"
428,Dorchester Ave & 63rd St,11,11,In Service,41.780405646,-87.591415989,"(41.7804056457, -87.5914159893)"
46,Wells St & Walton St,19,19,In Service,41.89993001,-87.63443007,"(41.89993001, -87.63443007)"
560,Marshfield Ave & 59th St,11,11,In Service,41.786833,-87.666215,"(41.786833, -87.666215)"
547,Ashland Ave & Pershing Rd,11,11,In Service,41.823465,-87.665577,"(41.823465, -87.665577)"
310,Damen Ave & Charleston St,11,11,In Service,41.920082,-87.677855,"(41.920082, -87.677855)"
95,Stony Island Ave & 64th St,11,11,In Service,41.778881,-87.586647,"(41.778881, -87.586647)"
526,Oakley Ave & Touhy Ave,11,11,In Service,42.012342,-87.688243,"(42.012342, -87.688243)"
657,Wood St & Augusta Blvd,15,15,In Service,41.899181,-87.6722,"(41.899181, -87.6722)"
30,Ashland Ave & Augusta Blvd,15,15,In Service,41.899643,-87.6677,"(41.899643, -87.6677)"
1582242276682913304,Rockwell St & 57th St,6,6,In Service,41.7903484,-87.6889201,"(41.7903484, -87.6889201)"
555,Ashland Ave & 50th St,11,11,In Service,41.803023,-87.664699,"(41.803023, -87.664699)"
605,University Library (NU),15,15,In Service,42.052939,-87.673447,"(42.052939, -87.673447)"
153,Southport Ave & Wellington Ave,19,19,In Service,41.935733,-87.663576,"(41.935733, -87.663576)"
569,Woodlawn Ave & 75th St,11,11,In Service,41.75916,-87.595751,"(41.75916, -87.595751)"
622,California Ave & Cortez St,15,15,In Service,41.900363,-87.696704,"(41.900363, -87.696704)"
425,Harper Ave & 59th St,15,15,In Service,41.787942813,-87.58831517,"(41.78794281287, -87.5883151702)"
13,Wilton Ave & Diversey Pkwy,35,35,In Service,41.932418,-87.652705,"(41.932418, -87.652705)"
6,Dusable Harbor,39,39,In Service,41.886976,-87.612813,"(41.886976, -87.612813)"
335,Calumet Ave & 35th St,15,15,In Service,41.831379,-87.618034,"(41.831379, -87.618034)"
545,Kostner Ave & Adams St,11,11,In Service,41.877917,-87.735737,"(41.877917, -87.735737)"
114,Sheffield Ave & Waveland Ave,27,27,In Service,41.949399,-87.654529,"(41.949399, -87.654529)"
1594046448232780546,Troy Ave & 27th St,9,9,In Service,41.840909,-87.705193,"(41.840909, -87.705193)"
132,Wentworth Ave & 24th St (Temp),15,15,In Service,41.850083693,-87.632140517,"(41.85008369347577, -87.6321405172348)"
122,Ogden Ave & Congress Pkwy,15,15,In Service,41.87501,-87.67328,"(41.87501, -87.67328)"
208,Laflin St & Cullerton St,15,15,In Service,41.854914576,-87.663559914,"(41.85491457576575, -87.66355991363525)"
43,Michigan Ave & Washington St,43,43,In Service,41.883984065,-87.624683976,"(41.8839840647265, -87.6246839761734)"
522,Bosworth Ave & Howard St,11,11,In Service,42.019537,-87.669563,"(42.019537, -87.669563)"
42,Wabash Ave & Cermak Rd,11,11,In Service,41.852619,-87.626488,"(41.852619, -87.626488)"
624,Dearborn St & Van Buren St,15,15,In Service,41.876268,-87.629155,"(41.876268, -87.629155)"
430,MLK Jr Dr & 63rd St,11,11,In Service,41.780080637,-87.615942857,"(41.78008063659, -87.6159428567)"
228,Damen Ave & Melrose Ave,15,15,Not In Service,41.9406,-87.6785,"(41.9406, -87.6785)"
66,Clinton St & Lake St,23,23,In Service,41.885637,-87.641823,"(41.885637, -87.641823)"
200,MLK Jr Dr & 47th St,11,11,In Service,41.809851,-87.616279,"(41.809851, -87.616279)"
431,Eberhart Ave & 61st St,11,11,In Service,41.784141693,-87.61330783,"(41.78414169317, -87.6133078304)"
432,Clark St & Lunt Ave,19,19,In Service,42.009011181,-87.674111724,"(42.009011180580764, -87.67411172389984)"
149,Calumet Ave & 33rd St,11,11,In Service,41.8349,-87.61793,"(41.8349, -87.61793)"
515,Paulina St & Howard St,19,19,In Service,42.019159,-87.673573,"(42.019159, -87.673573)"
142,McClurg Ct & Erie St,31,31,In Service,41.894503,-87.617854,"(41.894503, -87.617854)"
280,Morgan St & 31st St,11,11,In Service,41.8378,-87.65114,"(41.8378, -87.65114)"
543,Laramie Ave & Gladys Ave,11,11,In Service,41.875806,-87.755285,"(41.875806, -87.755285)"
1594046448232780548,California Ave & 29th St,9,9,In Service,41.840222,-87.694129,"(41.840222, -87.694129)"
562,Racine Ave & 61st St,11,11,In Service,41.783189,-87.654372,"(41.783189, -87.654372)"
581,Commercial Ave & 83rd St,11,11,In Service,41.744615,-87.551208,"(41.744615, -87.551208)"
17,Honore St & Division St,23,23,In Service,41.903119,-87.673935,"(41.903119, -87.673935)"
433,Kedzie Ave & Harrison St,11,11,In Service,41.873599675,-87.704870749,"(41.87359967462, -87.7048707493)"
434,Ogden Ave & Roosevelt Rd,19,19,In Service,41.866501483,-87.68469707,"(41.86650148316, -87.68469707)"
661,Evanston Civic Center,15,15,In Service,42.057044,-87.686554,"(42.057044, -87.686554)"
256,Broadway & Sheridan Rd,15,15,In Service,41.952833,-87.649993,"(41.952833, -87.649993)"
435,Kedzie Ave & Roosevelt Rd,11,11,In Service,41.866492782,-87.706496176,"(41.86649278172, -87.7064961757)"
437,Washtenaw Ave & Ogden Ave,15,15,In Service,41.861930493,-87.693450451,"(41.86193049278259, -87.69345045089722)"
1594046388103238326,Sacramento Blvd & Polk St,9,9,In Service,41.870959,-87.700259,"(41.870959, -87.700259)"
294,Broadway & Berwyn Ave,15,15,In Service,41.978353,-87.659753,"(41.978353, -87.659753)"
210,Ashland Ave & Division St,27,27,In Service,41.90345,-87.667747,"(41.90345, -87.667747)"
438,Central Park Ave & Ogden Ave,15,15,In Service,41.854063504,-87.715117335,"(41.854063503874464, -87.71511733531952)"
48,Larrabee St & Kingsbury St,43,43,In Service,41.897764,-87.642884,"(41.897764, -87.642884)"
323,Sheridan Rd & Lawrence Ave,19,19,In Service,41.969517,-87.654691,"(41.969517, -87.654691)"
563,Ashland Ave & 63rd St,11,11,In Service,41.779374,-87.664843,"(41.779374, -87.664843)"
44,State St & Randolph St,23,23,In Service,41.884621073,-87.627834231,"(41.88462107257936, -87.62783423066139)"
683,Ashland Ave & 78th St,15,15,In Service,41.752204849,-87.663699389,"(41.75220484941116, -87.66369938850403)"
631,Malcolm X College Vaccination Site,19,19,In Service,41.877618,-87.673895,"(41.877618, -87.673895)"
101,63rd St Beach,15,15,In Service,41.780910964,-87.576323748,"(41.78091096424803, -87.57632374763489)"
103,Clinton St & Polk St,15,15,In Service,41.871466518,-87.640949133,"(41.87146651779, -87.6409491327)"
441,Kedzie Ave & 24th St,11,11,In Service,41.848190945,-87.705413746,"(41.84819094491, -87.7054137458)"
443,Millard Ave & 26th St,7,7,In Service,41.844531125,-87.715921998,"(41.84453112462163, -87.71592199802399)"
444,Albany Ave & 26th St,11,11,In Service,41.844475014,-87.702013013,"(41.84447501366, -87.7020130128)"
445,California Ave & 26th St,11,11,In Service,41.843679915,-87.694968581,"(41.8436799145765, -87.69496858119965)"
446,Western & 28th - Velasquez Institute Vaccination Site,11,11,In Service,41.841517708,-87.685131441,"(41.84151770807, -87.6851314409)"
447,Glenwood Ave & Morse Ave,15,15,In Service,42.007971923,-87.665502394,"(42.00797192287, -87.6655023944)"
448,Warren Park East,11,11,In Service,42.004549622,-87.680666145,"(42.00454962194, -87.6806661451)"
449,Clark St & Columbia Ave,15,15,In Service,42.004450629,-87.672402405,"(42.00445062934, -87.6724024047)"
451,Sheridan Rd & Loyola Ave,23,23,In Service,42.00104378,-87.661198243,"(42.00104377979, -87.6611982433)"
453,Clark St & Schreiber Ave,15,15,In Service,41.999251822,-87.671377339,"(41.99925182186, -87.6713773393)"
1594046443937813244,Western Ave & Gunnison St,9,9,In Service,41.969659,-87.68955,"(41.969659, -87.68955)"
455,Maplewood Ave & Peterson Ave,11,11,In Service,41.990236029,-87.69336964,"(41.99023602867, -87.6933696402)"
457,Clark St & Elmdale Ave,15,15,In Service,41.990860448,-87.66972363,"(41.990860448125574, -87.66972362995148)"
458,Broadway & Thorndale Ave,19,19,In Service,41.989742511,-87.660140621,"(41.98974251144, -87.6601406209)"
463,Clark St & Berwyn Ave,19,19,In Service,41.978030622,-87.668564916,"(41.978030622486564, -87.66856491565704)"
461,Broadway & Ridge Ave,15,15,In Service,41.984044611,-87.660273829,"(41.9840446107, -87.6602738295)"
484,Monticello Ave & Irving Park Rd,15,15,In Service,41.954004839,-87.71912818,"(41.95400483876, -87.7191281797)"
464,Damen Ave & Foster Ave,15,15,In Service,41.975614805,-87.679459039,"(41.97561480459, -87.6794590387)"
466,Ridge Blvd & Touhy Ave,11,11,In Service,42.012132277,-87.682912644,"(42.01213227742, -87.6829126443)"
467,Western Ave & Lunt Ave,15,15,In Service,42.008594397,-87.690492239,"(42.0085943972, -87.6904922389)"
468,Budlong Woods Library,11,11,In Service,41.983664709,-87.696422561,"(41.98366470886, -87.6964225611)"
442,California Ave & 23rd Pl,11,11,In Service,41.849109692,-87.695139807,"(41.84910969176, -87.6951398068)"
469,St. Louis Ave & Balmoral Ave,15,15,In Service,41.980394235,-87.716114961,"(41.98039423475, -87.7161149615)"
471,Francisco Ave & Foster Ave,15,15,In Service,41.975632725,-87.701419439,"(41.97563272521, -87.7014194389)"
474,Christiana Ave & Lawrence Ave,15,15,In Service,41.968354494,-87.711830667,"(41.96835449363, -87.7118306675)"
649,Stewart Ave & 63rd St,11,11,In Service,41.779835,-87.634774,"(41.779835, -87.634774)"
478,Rockwell St & Eastwood Ave,15,15,In Service,41.96590014,-87.693638494,"(41.96590013976, -87.6936384935)"
479,Drake Ave & Montrose Ave,15,15,In Service,41.961154076,-87.716569073,"(41.96115407569, -87.7165690733)"
482,Campbell Ave & Montrose Ave,15,15,In Service,41.961525933,-87.691165041,"(41.96152593287, -87.6911650414)"
486,Oakley Ave & Irving Park Rd,15,15,In Service,41.954340852,-87.686079624,"(41.95434085219, -87.6860796243)"
487,California Ave & Byron St,19,19,In Service,41.952162193,-87.698051113,"(41.95216219326, -87.698051113)"
472,Lincoln Ave & Winona St,15,15,In Service,41.974911297,-87.692502559,"(41.97491129677, -87.6925025594)"
49,Dearborn St & Monroe St,39,39,In Service,41.881319815,-87.629520919,"(41.881319815, -87.6295209193)"
476,Kedzie Ave & Leland Ave,15,15,In Service,41.966686362,-87.708051981,"(41.96668636205, -87.7080519806)"
236,Sedgwick St & Schiller St,15,15,In Service,41.907626,-87.638566,"(41.907626, -87.638566)"
334,DuSable Lake Shore Dr & Belmont Ave,19,19,In Service,41.940775,-87.639192,"(41.940775, -87.639192)"
134,Peoria St & Jackson Blvd,19,19,In Service,41.877641596,-87.649617791,"(41.8776415962753, -87.64961779117584)"
490,Troy St & Elston Ave,15,15,In Service,41.945243568,-87.706649901,"(41.94524356848, -87.7066499009)"
604,Sheridan Rd & Noyes St (NU),15,15,In Service,42.058239,-87.677432,"(42.058239, -87.677432)"
491,Talman Ave & Addison St,15,15,In Service,41.946635831,-87.694614758,"(41.9466358306, -87.694614758)"
494,Kedzie Ave & Bryn Mawr Ave,15,15,In Service,41.982229759,-87.708886564,"(41.98222975911517, -87.70888656377792)"
495,Keystone Ave & Montrose Ave,11,11,In Service,41.961108016,-87.728970101,"(41.96110801623, -87.7289701012)"
498,California Ave & Fletcher St,19,19,In Service,41.938428791,-87.698007756,"(41.93842879148, -87.698007756)"
499,Kosciuszko Park,15,15,In Service,41.930585371,-87.723777364,"(41.93058537138, -87.7237773635)"
173,Mies van der Rohe Way & Chicago Ave,15,15,In Service,41.896944626,-87.621757686,"(41.896944626370825, -87.62175768613815)"
500,Central Park Ave & Elbridge Ave,15,15,In Service,41.935337283,-87.716889294,"(41.93533728263, -87.7168892935)"
503,St. Louis Ave & Fullerton Ave,15,15,In Service,41.924815597,-87.714495063,"(41.92481559681187, -87.71449506282805)"
504,Campbell Ave & Fullerton Ave,15,15,In Service,41.924632472,-87.689307006,"(41.92463247165, -87.6893070063)"
505,Winchester Ave & Elston Ave,15,15,In Service,41.92409085,-87.676460075,"(41.92409085038, -87.6764600747)"
506,Spaulding Ave & Armitage Ave,15,15,In Service,41.917108035,-87.710220963,"(41.917108034789315, -87.71022096276283)"
229,Southport Ave & Roscoe St,19,19,In Service,41.943739,-87.66402,"(41.943739, -87.66402)"
507,Humboldt Blvd & Armitage Ave,19,19,In Service,41.917513394,-87.701808955,"(41.91751339399, -87.7018089555)"
1594046461117682452,Washtenaw Ave & Peterson Ave,9,9,In Service,41.99066,-87.697075,"(41.99066, -87.697075)"
508,Central Park Ave & North Ave,15,15,In Service,41.909656876,-87.716631952,"(41.90965687563, -87.7166319516)"
509,Troy St & North Ave,15,15,In Service,41.909769302,-87.705280487,"(41.90976930169, -87.7052804871)"
510,Spaulding Ave & Division St,11,11,In Service,41.902706594,-87.709219571,"(41.90270659438, -87.709219571)"
511,Albany Ave & Bloomingdale Ave,15,15,In Service,41.914026713,-87.705126462,"(41.91402671273, -87.705126462)"
523,Eastlake Ter & Rogers Ave,15,15,In Service,42.020887281,-87.665057927,"(42.0208872805206, -87.66505792737007)"
54,Ogden Ave & Chicago Ave,19,19,In Service,41.896362458,-87.654061273,"(41.896362458, -87.6540612729)"
561,Damen Ave & 59th St,11,11,In Service,41.785861065,-87.67414391,"(41.785861065132, -87.67414391040802)"
57,Clinton St & Roosevelt Rd,15,15,In Service,41.867117783,-87.641087959,"(41.8671177825, -87.6410879593)"
1594046435347878644,Lincoln Ave & Balmoral Ave,9,9,In Service,41.979461,-87.693013,"(41.979461, -87.693013)"
58,Elston Ave & Cortland St,23,23,In Service,41.916433429,-87.666746378,"(41.91643342912655, -87.66674637794495)"
1594046409578074830,Milwaukee Ave & Fullerton Ave,9,9,In Service,41.924691,-87.70055,"(41.924691, -87.70055)"
591,Kilbourn Ave & Milwaukee Ave,15,15,In Service,41.947070894,-87.740008235,"(41.94707089418471, -87.74000823497772)"
60,Dayton St & North Ave,19,19,In Service,41.910578035,-87.649421929,"(41.9105780349, -87.6494219288)"
62,McCormick Place,27,27,In Service,41.851375173,-87.618834649,"(41.8513751729, -87.6188346489)"
141,Clark St & Lincoln Ave,23,23,In Service,41.915689,-87.6346,"(41.915689, -87.6346)"
625,Dodge Ave & Main St,15,15,In Service,42.034631852,-87.699187696,"(42.03463185161588, -87.69918769598006)"
586,MLK Jr Dr & 83rd St,11,11,In Service,41.743116,-87.6148,"(41.743116, -87.6148)"
50,Clark St & Ida B Wells Dr,35,35,In Service,41.875932666,-87.630584536,"(41.8759326655, -87.6305845355)"
570,Evans Ave & 75th St,7,7,In Service,41.75849,-87.60641,"(41.75849, -87.60641)"
501,Richmond St & Diversey Ave,15,15,In Service,41.931901969,-87.70119513,"(41.93190196886, -87.7011951301)"
56,Desplaines St & Kinzie St,27,27,In Service,41.888716036,-87.644447853,"(41.888716036, -87.6444478533)"
621,Aberdeen St & Randolph St,15,15,In Service,41.884114,-87.654264,"(41.884114, -87.654264)"
439,Kedzie Ave & 21st St,11,11,In Service,41.853533632,-87.705073032,"(41.85353363213, -87.7050730318)"
647,Elizabeth St & 59th St,7,7,In Service,41.78969688,-87.654697895,"(41.789696880483376, -87.65469789505005)"
67,Sheffield Ave & Fullerton Ave,27,27,In Service,41.925601882,-87.653708042,"(41.9256018819, -87.6537080423)"
707,Torrence Ave & 106th St,15,15,In Service,41.70280085,-87.559726238,"(41.702800850225906, -87.55972623825073)"
673,Lincoln Park Conservatory,31,31,In Service,41.923931311,-87.635824531,"(41.92393131136619, -87.63582453131676)"
678,Halsted St & 73rd St,15,15,In Service,41.761605438,-87.644160977,"(41.76160543804394, -87.64416097666071)"
638,Clinton St & Jackson Blvd,31,31,In Service,41.878316612,-87.640981078,"(41.878316611830684, -87.64098107814789)"
681,Halsted St & 78th St,15,15,In Service,41.752487012,-87.643902157,"(41.75248701249013, -87.6439021574879)"
682,Eberhart Ave & 91st St,15,15,In Service,41.729285157,-87.611031532,"(41.729285157254864, -87.6110315322876)"
69,Damen Ave & Pierce Ave,23,23,In Service,41.909396007,-87.677691929,"(41.9093960065, -87.6776919292)"
686,East End Ave & 87th St,15,15,In Service,41.736815214,-87.582801282,"(41.73681521440671, -87.58280128240585)"
687,Loomis Blvd & 84th St,15,15,In Service,41.741486529,-87.658410072,"(41.741486528618054, -87.65841007232666)"
689,Elizabeth St & 92nd St,15,15,In Service,41.726798964,-87.654290199,"(41.726798963701185, -87.65429019927979)"
691,Eggleston Ave & 92nd St,15,15,In Service,41.727575659,-87.634828091,"(41.727575659299575, -87.63482809066771)"
692,Marquette Ave & 89th St,15,15,In Service,41.733668791,-87.558342218,"(41.733668790714724, -87.55834221839905)"
693,Baltimore Ave & 87th St,15,15,In Service,41.7373356,-87.548514605,"(41.737335600416664, -87.54851460456847)"
694,Houston Ave & 92nd St,15,15,In Service,41.728204215,-87.549700141,"(41.72820421535798, -87.54970014095306)"
685,Summit Ave & 86th St,15,15,In Service,41.737848477,-87.644899786,"(41.737848476733404, -87.64489978551863)"
696,Indiana Ave & 103rd St,15,15,In Service,41.707170271,-87.61847198,"(41.70717027117756, -87.6184719800949)"
695,Dauphin Ave & 103rd St,15,15,In Service,41.707250368,-87.607662678,"(41.7072503677818, -87.60766267776489)"
1582242285272847904,Maplewood Ave & 59th St,9,9,In Service,41.7863375,-87.6874351,"(41.7863375, -87.6874351)"
679,Ashland Ave & 74th St,15,15,In Service,41.759236024,-87.663474083,"(41.75923602425868, -87.66347408294678)"
708,Clyde Ave & 87th St,15,15,In Service,41.737151464,-87.572740316,"(41.73715146431056, -87.57274031639099)"
709,Michigan Ave & 114th St,15,15,In Service,41.687014795,-87.621052265,"(41.68701479467118, -87.62105226516724)"
712,Wentworth Ave & 104th St,15,15,In Service,41.705307997,-87.629216909,"(41.705307996998194, -87.62921690940857)"
713,Major Taylor Trail & 115th St,15,15,In Service,41.684931595,-87.645288706,"(41.68493159519296, -87.6452887058258)"
714,State St & 123rd St,15,15,In Service,41.670643837,-87.622586489,"(41.67064383687979, -87.62258648872375)"
715,Major Taylor Trail & 124th St,15,15,In Service,41.668696353,-87.637113333,"(41.66869635332246, -87.63711333274841)"
716,Eberhart Ave & 131st St,15,15,In Service,41.658413151,-87.610710897,"(41.658413151101065, -87.61071089698817)"
717,Big Marsh Park,15,15,In Service,41.685877056,-87.573823929,"(41.68587705562333, -87.57382392883301)"
718,Ewing Ave & Burnham Greenway,11,11,In Service,41.712748761,-87.534813881,"(41.71274876109496, -87.53481388092041)"
719,Avenue O & 118th St,15,15,In Service,41.681001459,-87.537931223,"(41.68100145911039, -87.5379312226869)"
720,Torrence Ave & 126th Pl,15,15,In Service,41.666312008,-87.557215691,"(41.66631200825726, -87.55721569061278)"
672,Franklin St & Illinois St,11,11,In Service,41.89102331,-87.635479867,"(41.89102331025185, -87.63547986745834)"
1582242289567815208,Rockwell St & 63rd St,6,6,In Service,41.7787905,-87.6885894,"(41.7787905, -87.6885894)"
191,Canal St & Monroe St,27,27,In Service,41.88169,-87.63953,"(41.88169, -87.63953)"
1561012887305957948,Lawndale Ave & 16th St,9,9,In Service,41.8591606,-87.7176965,"(41.8591606, -87.7176965)"
99,McClurg Ct & Ohio St,19,19,In Service,41.89259212,-87.617289126,"(41.892592119709725, -87.61728912591934)"
726,Vincennes Ave & 104th St,15,15,In Service,41.704925565,-87.65686811,"(41.70492556499764, -87.65686810958869)"
157,DuSable Lake Shore Dr & Wellington Ave,15,15,In Service,41.936688449,-87.636829019,"(41.9366884494997, -87.63682901859283)"
71,Morgan St & Lake St,23,23,In Service,41.885779252,-87.65102461,"(41.88577925240433, -87.65102460980414)"
710,Burnham Greenway & 105th St,11,11,In Service,41.704575087,-87.52823174,"(41.7045750872071, -87.52823173999786)"
711,Halsted St & 111th St,15,15,In Service,41.692262556,-87.642611861,"(41.69226255589166, -87.64261186122894)"
722,Commercial Ave & 130th St,15,15,In Service,41.659150428,-87.550762296,"(41.659150427597744, -87.55076229572296)"
723,Hale Ave & 107th St,11,11,In Service,41.699206168,-87.668918967,"(41.699206168127674, -87.66891896724701)"
76,DuSable Lake Shore Dr & Monroe St,39,39,In Service,41.880958,-87.616743,"(41.880958, -87.616743)"
477,Manor Ave & Leland Ave,11,11,In Service,41.965875,-87.700825,"(41.965875, -87.700825)"
749,Burnham Greenway & 112th St,15,15,In Service,41.691773851,-87.530431151,"(41.69177385116831, -87.53043115139008)"
197,Michigan Ave & Madison St,19,19,In Service,41.882134,-87.625125,"(41.882134, -87.625125)"
313,Lakeview Ave & Fullerton Pkwy,19,19,In Service,41.925858,-87.638973,"(41.925858, -87.638973)"
9,Leavitt St & Archer Ave,15,15,In Service,41.82879202,-87.680604459,"(41.82879201994, -87.6806044594)"
96,Desplaines St & Randolph St,23,23,In Service,41.88461619,-87.644570585,"(41.88461618962, -87.6445705849)"
721,Walden Pkwy & 100th St,15,15,In Service,41.712164104,-87.667733431,"(41.71216410359803, -87.66773343086243)"
1563698701206292482,Cicero Ave & Grace St,6,6,In Service,41.94973,-87.7469526,"(41.94973, -87.7469526)"
753,State St & Chicago Ave,15,15,In Service,41.8966172,-87.628578544,"(41.89661720040753, -87.62857854366302)"
529,Cicero Ave & Lake St,11,11,In Service,41.886841,-87.745261,"(41.886841, -87.745261)"
1561012883010990646,Komensky Ave & 31st St,9,9,In Service,41.836708,-87.725641,"(41.836708, -87.725641)"
89,Financial Pl & Ida B Wells Dr,31,31,In Service,41.875023628,-87.633094043,"(41.8750236280333, -87.6330940425396)"
674,Michigan Ave & 71st St,7,7,In Service,41.765286,-87.621748,"(41.765286, -87.621748)"
156,Clark St & Wellington Ave,15,15,In Service,41.936496822,-87.647538658,"(41.9364968219, -87.6475386582)"
154,Southport Ave & Belmont Ave,15,15,In Service,41.93947775,-87.663747668,"(41.93947775040509, -87.6637476682663)"
287,Franklin St & Monroe St,31,31,In Service,41.880317,-87.635185,"(41.880317, -87.635185)"
140,Dearborn Pkwy & Delaware Pl,19,19,In Service,41.898969,-87.629912,"(41.898969, -87.629912)"
525,Glenwood Ave & Touhy Ave,15,15,In Service,42.012701,-87.666058,"(42.012701, -87.666058)"
600,Dodge Ave & Church St,15,15,In Service,42.048308,-87.698224,"(42.048308, -87.698224)"
97,Field Museum,55,55,In Service,41.865312,-87.617867,"(41.865312, -87.617867)"
273,Michigan Ave & 18th St,23,23,In Service,41.857813,-87.62455,"(41.857813, -87.62455)"
16,Paulina Ave & North Ave,15,15,In Service,41.909854652,-87.66993016,"(41.90985465216731, -87.66993016004562)"
332,Burling St & Diversey Pkwy,19,19,In Service,41.93314,-87.64776,"(41.93314, -87.64776)"
161,Rush St & Superior St,23,23,In Service,41.895764746,-87.625908033,"(41.89576474564, -87.6259080327)"
1582242280977880604,Richmond St & 59th St,9,9,In Service,41.7865155,-87.6973314,"(41.7865155, -87.6973314)"
1561012887305957952,Tripp Ave & 15th St,9,9,In Service,41.860777,-87.7313639,"(41.860777, -87.7313639)"
454,Broadway & Granville Ave,23,23,In Service,41.994779688,-87.660284535,"(41.9947796884, -87.6602845349)"
1582242293862782510,Rockwell St & Archer Ave,9,9,In Service,41.823324,-87.689685,"(41.823324, -87.689685)"
1561012895895892552,Spaulding Ave & 16th St,9,9,In Service,41.85892,-87.707963,"(41.85892, -87.707963)"
1594046400988140226,Sacramento Ave & 25th St,9,9,In Service,41.846506,-87.700139,"(41.846506, -87.700139)"
1563698688321392630,Long Ave & Belden Ave,9,9,In Service,41.9227049,-87.760954,"(41.9227049, -87.760954)"
1521690221159885714,Hampden Ct & Diversey Ave,8,8,In Service,41.9325593,-87.6423847,"(41.9325593, -87.6423847)"
1521686986436309688,Damen Ave & Wabansia Ave,8,8,In Service,41.9122813,-87.6773211,"(41.9122813, -87.6773211)"
1521679584953491780,Kedzie Ave & 104th St,8,8,In Service,41.7037764,-87.7013952,"(41.7037764, -87.7013952)"
182,Wells St & Elm St,23,23,In Service,41.903222,-87.634324,"(41.903222, -87.634324)"
314,Ravenswood Ave & Berteau Ave,15,15,In Service,41.957921,-87.673567,"(41.957921, -87.673567)"
247,Shore Dr & 55th St,19,19,In Service,41.795212,-87.580715,"(41.795212, -87.580715)"
94,Clark St & Armitage Ave,31,31,In Service,41.918306,-87.636282,"(41.918306, -87.636282)"
1563698679731458032,Fullerton & Monitor,9,9,In Service,41.9237918,-87.7723116,"(41.9237918, -87.7723116)"
1561012891600925250,Homan Ave & Fillmore St,9,9,In Service,41.868114,-87.7109257,"(41.868114, -87.7109257)"
1622723153590485808,Mayfield & Roosevelt Rd,9,9,In Service,41.8658158,-87.7717805,"(41.8658158, -87.7717805)"
1563698705501259788,Kilpatrick Ave & Parker Ave,9,9,In Service,41.930736,-87.744082,"(41.930736, -87.744082)"
1563698688321392628,Long Ave & Belmont Ave,9,9,In Service,41.9383071,-87.761663,"(41.9383071, -87.761663)"
1563698675436490728,Meade Ave & Diversey Ave,9,9,In Service,41.9309018,-87.7784686,"(41.9309018, -87.7784686)"
536,Kostner Ave & Lake St,11,11,In Service,41.885928,-87.73541,"(41.885928, -87.73541)"
1563698679731458030,Parkside Ave & Armitage Ave,9,9,In Service,41.9169054,-87.7671806,"(41.9169054, -87.7671806)"
1563698718386161684,Mason Ave & Belmont Ave,9,9,In Service,41.9381419,-87.7749283,"(41.9381419, -87.7749283)"
1563698684026425330,Central Ave & Parker Ave,9,9,In Service,41.9301785,-87.7661217,"(41.9301785, -87.7661217)"
1561012870126088746,Keeler Ave & Roosevelt Rd,9,9,In Service,41.866402,-87.7300171,"(41.866402, -87.7300171)"
1563698718386161692,Mulligan Ave & Wellington Ave,9,9,In Service,41.9347409,-87.7844017,"(41.9347409, -87.7844017)"
1563698709796227086,Kostner Ave & Wrightwood Ave,12,12,In Service,41.9279399,-87.7359921,"(41.9279399, -87.7359921)"
1571105063705518106,Meade Ave & Addison St,9,9,In Service,41.9459174,-87.7788824,"(41.9459174, -87.7788824)"
1563698696911327228,Lockwood Ave & Wrightwood Ave,9,9,In Service,41.9278148,-87.7583757,"(41.9278148, -87.7583757)"
1563698692616359930,Lamon Ave & Armitage Ave,9,9,In Service,41.9166701,-87.7494873,"(41.9166701, -87.7494873)"
1571105050820616196,Narragansett Ave & School St,9,9,In Service,41.940128,-87.7864806,"(41.940128, -87.7864806)"
1571105050820616194,Central Ave & Roscoe St,9,9,In Service,41.942258,-87.7669331,"(41.942258, -87.7669331)"
1594046413873042136,Sacramento Blvd & Addison St,9,9,In Service,41.94609,-87.702988,"(41.94609, -87.702988)"
551,Hoyne Ave & 47th St,11,11,In Service,41.808227,-87.67718,"(41.808227, -87.67718)"
1571105059410550802,Plainfield & Irving Park,9,9,In Service,41.9524413,-87.8343105,"(41.9524413, -87.8343105)"
1571105055115583496,Long & Irving Park,9,9,In Service,41.953038,-87.7621632,"(41.953038, -87.7621632)"
1563698701206292486,Kilbourn & Roscoe,9,9,In Service,41.9427319,-87.7395332,"(41.9427319, -87.7395332)"
644,Western Ave & Fillmore St,11,11,In Service,41.868563,-87.686234,"(41.868563, -87.686234)"
646,State St & 54th St,11,11,In Service,41.796642,-87.625923,"(41.796642, -87.625923)"
706,Dauphin Ave & 87th St,15,15,In Service,41.736559023,-87.601257563,"(41.73655902282214, -87.60125756263733)"
654,Racine Ave & Washington Blvd,11,11,In Service,41.883073,-87.656952,"(41.883073, -87.656952)"
1563698722681128992,Sayre & Diversey,9,9,In Service,41.9310084,-87.8010646,"(41.9310084, -87.8010646)"
1575949510978564830,Central Park Ave & Ohio St,9,9,In Service,41.8918718,-87.7163879,"(41.8918718, -87.7163879)"
1571105068000485406,Narragansett & Irving Park,9,9,In Service,41.952614,-87.7853829,"(41.952614, -87.7853829)"
1571105055115583500,Roscoe & Harlem,9,9,In Service,41.9416062,-87.8072964,"(41.9416062, -87.8072964)"
1571105042230683636,Oketo Ave & Addison St,9,9,In Service,41.9449659,-87.8118989,"(41.9449659, -87.8118989)"
1563698709796227088,Kilbourn & Belden,9,9,In Service,41.922352,-87.739024,"(41.922352, -87.739024)"
573,State St & 79th St,11,11,In Service,41.750794,-87.624424,"(41.750794, -87.624424)"
1575949502388630222,Leamington Ave & Hirsch St,9,9,In Service,41.9058405,-87.7548602,"(41.9058405, -87.7548602)"
1571105046525650938,Shabbona Park,9,9,In Service,41.9439881,-87.7993183,"(41.9439881, -87.7993183)"
1571105042230683640,Panama Ave & Grace St,9,9,In Service,41.9476665,-87.829258,"(41.9476665, -87.829258)"
1571105059410550806,Harlem & Irving Park,9,9,In Service,41.9532568,-87.8071434,"(41.9532568, -87.8071434)"
1563698675436490730,Narragansett & Wrightwood,9,9,In Service,41.927294,-87.7852027,"(41.927294, -87.7852027)"
1563698705501259786,Kenosha & Wellington,9,9,In Service,41.9344421,-87.7337799,"(41.9344421, -87.7337799)"
1575949532952438778,Nordica & Medill,9,9,In Service,41.922278,-87.8020357,"(41.922278, -87.8020357)"
1561012878716023344,Kildare & Cermak,9,9,In Service,41.851478,-87.7311301,"(41.851478, -87.7311301)"
1575949506683597526,Narragansett & McLean,9,9,In Service,41.9158931,-87.7851104,"(41.9158931, -87.7851104)"
90,Millennium Park,47,47,In Service,41.8810317,-87.62408432,"(41.8810317, -87.62408432)"
1582242323927553626,Western Ave & 62nd St,9,9,In Service,41.780985,-87.6834204,"(41.780985, -87.6834204)"
77,Clinton St & Madison St,31,31,In Service,41.882242,-87.641066,"(41.882242, -87.641066)"
1575949493798695614,Lamon Ave & Chicago Ave,9,9,In Service,41.8952,-87.748223,"(41.8952, -87.748223)"
1575949489503728316,Monticello Ave & Chicago Ave,6,6,In Service,41.8952089,-87.7174329,"(41.8952089, -87.7174329)"
339,Emerald Ave & 31st St,11,11,In Service,41.838198,-87.645143,"(41.838198, -87.645143)"
180,Ritchie Ct & Banks St,15,15,In Service,41.906866,-87.626217,"(41.906866, -87.626217)"
1575949515273532130,Kildare Ave & Chicago Ave,9,9,In Service,41.8954359,-87.7335726,"(41.8954359, -87.7335726)"
88,Racine Ave & Randolph St,19,19,In Service,41.884069,-87.656853,"(41.884069, -87.656853)"
1575949523863466730,Long Ave & North Ave,9,9,In Service,41.909212,-87.760999,"(41.909212, -87.760999)"
1575949498093662914,Lavergne Ave & Division St,9,9,In Service,41.9021335,-87.7509517,"(41.9021335, -87.7509517)"
1575949493798695616,Kildare Ave & Division St,9,9,In Service,41.902393,-87.733598,"(41.902393, -87.733598)"
1582242315337619020,California Ave & 36th St,9,9,In Service,41.8282301,-87.6945422,"(41.8282301, -87.6945422)"
1582242311042651720,Hoyne Ave & 34th St,9,9,In Service,41.8320245,-87.6778387,"(41.8320245, -87.6778387)"
1582242319632586318,Sacramento Ave & Pershing Rd,9,9,In Service,41.8222791,-87.6996576,"(41.8222791, -87.6996576)"
47,State St & Kinzie St,31,31,In Service,41.889187,-87.627754,"(41.889187, -87.627754)"
1582242319632586320,Archer Ave & 43rd St,6,6,In Service,41.8154913,-87.7024412,"(41.8154913, -87.7024412)"
11,Jeffery Blvd & 71st St,11,11,In Service,41.766638237,-87.576450114,"(41.76663823695, -87.5764501141)"
346,Ada St & Washington Blvd,15,15,In Service,41.88283,-87.661206,"(41.88283, -87.661206)"
112,Green St & Randolph St,11,11,In Service,41.883181306,-87.648724616,"(41.88318130597391, -87.64872461557388)"
84,Milwaukee Ave & Grand Ave,19,19,In Service,41.891578,-87.648384,"(41.891578, -87.648384)"
1593766347538293664,Kildare Ave & 47th St,6,6,In Service,41.807526,-87.7308406,"(41.807526, -87.7308406)"
1594041781399920504,Tripp Ave & 65th St,9,9,In Service,41.7749163,-87.728841,"(41.7749163, -87.728841)"
1594041777104953202,Komensky Ave & 55th St,9,9,In Service,41.793279,-87.724189,"(41.793279, -87.724189)"
1582242306747684418,Artesian Ave & 55th St,12,12,In Service,41.7940135,-87.685807,"(41.7940135, -87.685807)"
133,Kingsbury St & Kinzie St,31,31,In Service,41.889176833,-87.638505772,"(41.88917683258, -87.6385057718)"
300,Broadway & Barry Ave,19,19,In Service,41.937582316,-87.644097805,"(41.93758231600629, -87.6440978050232)"
1582242289567815212,Homan Ave & 65th St,9,9,In Service,41.77446,-87.710238,"(41.77446, -87.710238)"
1594046362333434512,Damen Ave & 33rd St,9,9,In Service,41.834108,-87.67559,"(41.834108, -87.67559)"
1594041777104953206,Hamlin Ave & 62nd Pl,12,12,In Service,41.779953,-87.7178221,"(41.779953, -87.7178221)"
1575949523863466728,Kilpatrick Ave & Grand Ave,9,9,In Service,41.9127779,-87.7436434,"(41.9127779, -87.7436434)"
1582242311042651716,Spaulding Ave & 63rd St,9,9,In Service,41.7791655,-87.7056392,"(41.7791655, -87.7056392)"
1575949515273532128,Central Park & Augusta Blvd,9,9,In Service,41.8989108,-87.7164901,"(41.8989108, -87.7164901)"
225,Halsted St & Dickens Ave,23,23,In Service,41.919936,-87.64883,"(41.919936, -87.64883)"
1582242323927553620,Kedzie Ave & 57th St,9,9,In Service,41.789944,-87.703233,"(41.789944, -87.703233)"
1594041781399920506,Springfield Ave & 47th St,9,9,In Service,41.8080713,-87.7212202,"(41.8080713, -87.7212202)"
1582242302452717114,Campbell Ave & 51st St,9,9,In Service,41.8009585,-87.6867556,"(41.8009585, -87.6867556)"
1582242293862782512,Fairfield Ave & 44th St,9,9,In Service,41.813617,-87.6932272,"(41.813617, -87.6932272)"
1594046461125837998,Lincoln Ave & Peterson Ave,9,9,In Service,41.990247,-87.70858,"(41.990247, -87.70858)"
1594046456822715150,Francisco Ave & Hollywood Ave,9,9,In Service,41.984746,-87.701593,"(41.984746, -87.701593)"
1594046448262943690,Francisco Ave & Montrose Ave,9,9,In Service,41.961097,-87.702166,"(41.961097, -87.702166)"
107,Desplaines St & Jackson Blvd,27,27,In Service,41.878118901,-87.643947601,"(41.87811890091227, -87.64394760131836)"
1593766343243326364,Pulaski Rd & 60th St,9,9,In Service,41.784186,-87.722564,"(41.784186, -87.722564)"
1593766334653391752,Pulaski Rd & 51st St,12,12,In Service,41.800434,-87.7247496,"(41.800434, -87.7247496)"
1582242280977880602,St Louis Ave & 59th St,9,9,In Service,41.785987,-87.7105616,"(41.785987, -87.7105616)"
587,Wabash Ave & 83rd St,11,11,In Service,41.743316,-87.622849,"(41.743316, -87.622849)"
1594041785694887804,Pulaski & Ann Lurie Pl,9,9,In Service,41.8162761,-87.7246058,"(41.8162761, -87.7246058)"
1593766347538293666,Kostner Ave & 63rd St,9,9,In Service,41.778747,-87.732463,"(41.778747, -87.732463)"
1593766334653391756,Lavergne Ave & 46th St,9,9,In Service,41.80934,-87.7478312,"(41.80934, -87.7478312)"
1594041785694887806,Kenneth Ave & 50th St,6,6,In Service,41.8023156,-87.7344142,"(41.8023156, -87.7344142)"
1593766338948359064,Kildare Ave & 55th St,9,9,In Service,41.793357,-87.730598,"(41.793357, -87.730598)"
85,Michigan Ave & Oak St,23,23,In Service,41.90096039,-87.62377664,"(41.90096039, -87.62377664)"
145,Mies van der Rohe Way & Chestnut St,19,19,In Service,41.898586651,-87.621915226,"(41.8985866514, -87.6219152258)"
663,Lincolnwood Dr & Central St,15,15,In Service,42.064854,-87.715297,"(42.064854, -87.715297)"
331,Halsted St & Clybourn Ave,27,27,In Service,41.909668,-87.648128,"(41.909668, -87.648128)"
1594046392398205624,Washtenaw Ave & Polk St,9,9,In Service,41.8711028,-87.693683,"(41.8711028, -87.693683)"
1594046379513303720,Western Ave & Lake St,6,6,In Service,41.884606,-87.685853,"(41.884606, -87.685853)"
1594046439642845942,California Ave & Winona St,6,6,In Service,41.974712,-87.697852,"(41.974712, -87.697852)"
1594046400988140228,Rockwell St & Cermak Rd,9,9,In Service,41.851644,-87.690621,"(41.851644, -87.690621)"
1594046456822715152,Richmond St & Lincoln Ave,6,6,In Service,41.988281,-87.703034,"(41.988281, -87.703034)"
1594046439642845944,N Shore Channel Trail & Argyle St,9,9,In Service,41.972177,-87.702749,"(41.972177, -87.702749)"
1594046379513303716,Sacramento Blvd & Fulton Ave,9,9,In Service,41.886528,-87.70167,"(41.886528, -87.70167)"
337,Clark St & Chicago Ave,19,19,In Service,41.89675,-87.63089,"(41.89675, -87.63089)"
497,Kimball Ave & Belmont Ave,15,15,In Service,41.939398,-87.711561,"(41.939398, -87.711561)"
172,Rush St & Cedar St,11,11,In Service,41.902308701,-87.627690528,"(41.90230870122, -87.627690528)"
296,Broadway & Belmont Ave,19,19,In Service,41.940106,-87.645451,"(41.940106, -87.645451)"
135,Halsted St & 21st St,11,11,In Service,41.853779811,-87.646602988,"(41.85377981072743, -87.6466029882431)"
1575949528657471478,Menard Ave & North Ave,9,9,In Service,41.9097167,-87.7702037,"(41.9097167, -87.7702037)"
532,Austin Blvd & Lake St,11,11,In Service,41.888059607,-87.774265409,"(41.888059607175954, -87.77426540851593)"
1575949519568499430,Augusta Blvd & Laramie Ave,9,9,In Service,41.8986607,-87.7554551,"(41.8986607, -87.7554551)"
1594046452527747848,Elston Ave & George St,9,9,In Service,41.934003,-87.690823,"(41.934003, -87.690823)"
1594046405283107528,California & 16th St,9,9,In Service,41.859228,-87.695562,"(41.859228, -87.695562)"
81,Daley Center Plaza,39,39,In Service,41.884241,-87.629634,"(41.884241, -87.629634)"
1594046422462976738,Kedzie Ave & George St,9,9,In Service,41.933886,-87.707262,"(41.933886, -87.707262)"
1594046413873042132,Western Ave & Grace St,9,9,In Service,41.948759,-87.688466,"(41.948759, -87.688466)"
1594046409578074834,Francisco Ave & Bloomingdale Ave,9,9,In Service,41.913959,-87.699368,"(41.913959, -87.699368)"
627,LaSalle Dr & Huron St,19,19,In Service,41.894877,-87.632326,"(41.894877, -87.632326)"
1594046431052911340,Campbell Ave & Irving Park Rd,9,9,In Service,41.95421,-87.690957,"(41.95421, -87.690957)"
1582242298157749812,Francisco Ave & 47th St,9,9,In Service,41.8084245,-87.696619,"(41.8084245, -87.696619)"
1594046392398205628,Albany Ave & Douglas Blvd,9,9,In Service,41.86191,-87.703113,"(41.86191, -87.703113)"
1594046431052911342,California Ave & Berteau Ave,9,9,Not Installed,41.957573,-87.69783,"(41.957573, -87.69783)"
1594046418168009436,Elston Ave & Henderson St,9,9,In Service,41.941499,-87.701051,"(41.941499, -87.701051)"
1594046465420805300,Western Ave & Ardmore Ave,9,9,In Service,41.9867636,-87.6898796,"(41.9867636, -87.6898796)"
588,South Chicago Ave & 83rd St,11,11,In Service,41.743921,-87.575225,"(41.743921, -87.575225)"
202,Halsted St & 18th St,15,15,In Service,41.85750568,-87.645991445,"(41.85750568031716, -87.64599144458771)"
98,LaSalle St & Washington St,15,15,In Service,41.882664,-87.63253,"(41.882664, -87.63253)"
198,Green St & Madison St,27,27,In Service,41.881892,-87.648789,"(41.881892, -87.648789)"
572,State St & 76th St,11,11,In Service,41.756971,-87.624621,"(41.756971, -87.624621)"
677,Stewart Ave & 83rd St,15,15,In Service,41.743717,-87.634088,"(41.743717, -87.634088)"
485,Sawyer Ave & Irving Park Rd,15,15,In Service,41.953586179,-87.7093108,"(41.95358617895, -87.7093107999)"
7,Field Blvd & South Water St,19,19,In Service,41.886349063,-87.617516547,"(41.88634906269, -87.6175165471)"
701,Constance Ave & 95th St,15,15,In Service,41.722290741,-87.578968406,"(41.72229074095262, -87.57896840572357)"
697,Oglesby Ave & 100th St,15,15,In Service,41.713397484,-87.565841675,"(41.713397484422444, -87.56584167480469)"
698,Cottage Grove Ave & 111th Pl,15,15,In Service,41.691709758,-87.610001564,"(41.69170975847015, -87.61000156402588)"
699,Vernon Ave & 107th St,15,15,In Service,41.700121379,-87.612259984,"(41.70012137923888, -87.61225998401642)"
700,Halsted St & 96th St,15,15,In Service,41.719712184,-87.643019557,"(41.719712183618824, -87.6430195569992)"
702,Greenwood Ave & 91st St,15,15,In Service,41.728264268,-87.597298622,"(41.728264268162725, -87.59729862213135)"
703,Greenwood Ave & 97th St,15,15,In Service,41.718703155,-87.597035766,"(41.71870315475741, -87.59703576564789)"
704,Avenue O & 134th St,15,15,In Service,41.651867802,-87.539671361,"(41.65186780228521, -87.53967136144637)"
592,Knox Ave & Montrose Ave,11,11,In Service,41.960631,-87.745359,"(41.960631, -87.745359)"
724,Homewood Ave & 115th St,15,15,In Service,41.684595072,-87.670708001,"(41.684595072026184, -87.67070800065994)"
725,Halsted St & 104th St,15,15,In Service,41.705139789,-87.642424107,"(41.70513978893236, -87.6424241065979)"
735,Western Ave & 104th St,15,15,In Service,41.704587102,-87.681203485,"(41.70458710218908, -87.68120348453522)"
739,Altgeld Gardens,15,15,In Service,41.65666553,-87.598800659,"(41.656665529673724, -87.59880065917969)"
728,Western Ave & 111th St,23,23,In Service,41.691211035,-87.681297362,"(41.691211034981045, -87.68129736185074)"
73,Jefferson St & Monroe St,19,19,In Service,41.880329634,-87.642745972,"(41.880329633634624, -87.64274597167967)"
727,Ada St & 113th St,15,15,In Service,41.687561623,-87.655475736,"(41.687561623357375, -87.65547573566435)"
730,Lawndale Ave & 111th St,15,15,In Service,41.691319192,-87.712885737,"(41.69131919221066, -87.71288573741913)"
731,Bradley Park,11,11,In Service,41.717878302,-87.564591765,"(41.717878301935, -87.56459176540375)"
732,Hegewisch Metra Station,15,15,In Service,41.648500763,-87.546089888,"(41.64850076266409, -87.54608988761902)"
734,Commercial Ave & 100th St,15,15,In Service,41.713317395,-87.551097572,"(41.71331739547703, -87.55109757184982)"
736,Kedzie Ave & 110th St,11,11,In Service,41.692394746,-87.700960636,"(41.69239474587557, -87.70096063613892)"
737,Chicago State University,23,23,In Service,41.718963422,-87.608295679,"(41.71896342165455, -87.60829567909241)"
738,Calumet Park,15,15,In Service,41.71370983,-87.530844212,"(41.71370983035615, -87.53084421157837)"
74,Kingsbury St & Erie St,23,23,In Service,41.893808056,-87.641697228,"(41.89380805624359, -87.64169722795485)"
740,Loomis St & 89th St,15,15,In Service,41.732379753,-87.658069432,"(41.73237975329554, -87.65806943178177)"
741,Yates Blvd & 93rd St,15,15,In Service,41.72616639,-87.566276193,"(41.726166390245105, -87.5662761926651)"
742,Doty Ave & 111th St,15,15,In Service,41.695010449,-87.598714828,"(41.69501044938143, -87.59871482849121)"
748,Olive Harvey College,15,15,In Service,41.709581135,-87.590233684,"(41.70958113526255, -87.59023368358612)"
